ICAO24,Latitude,Longitude,Track,Altitude,Vitesse,Squawk,Radar_Feeder,Type_avion,Registration,Temps_UNIX,Depart,Arrivee,Num_IATA,On_ground,Vertical_Speed,Num_ICAO,Code_ICAO
394A0A,53.2573,12.5189,243,36000,495,1000,F-EDHI2,B77W,F-GSQK,1645968415,NRT,CDG,AF275,0,0,AFR275,AFR
39CF0D,55.6089,11.0378,226,43000,472,3523,F-ESDF1,A359,F-HTYN,1645968415,KIX,CDG,AF291,0,0,AFR291,AFR
3965AF,43.6232,27.6433,304,36000,462,3211,F-LUKK6,B77W,F-GZNP,1645968416,BKK,CDG,AF165,0,0,AFR165,AFR
39C421,50.0321,-16.3843,91,38996,560,0000,F-SAT6,B789,F-HRBB,1645968409,MEX,CDG,AF173,0,0,AFR173,AFR
396447,39.8925,20.6896,316,40000,452,2066,F-LBSF6,A332,F-GZCH,1645968416,SEZ,CDG,AF247,0,0,AFR247,AFR
3965B0,58.1845,-157.4881,82,35000,486,7402,F-PAIG1,B77W,F-GZNQ,1645968409,ICN,YVR,AF6700,0,64,AFR6700,AFR
39C425,36.3483,43.4752,307,37975,454,4701,F-ORER6,B789,F-HRBF,1645968417,CMB,CDG,AF268,0,0,AFR268,AFR
3949E6,-1.9537,-144.7797,212,38000,510,0000,F-SAT6,B772,F-GSPG,1645968407,LAX,PPT,AF76,0,0,AFR076,AFR
39C423,42.7099,29.4172,289,38000,464,3246,T-MLAT1,B789,F-HRBD,1645968410,DXB,CDG,AF659,0,0,AFR659,AFR
39CF04,38.1503,42.8109,119,39000,532,0644,F-EST,A359,F-HTYE,1645968413,CDG,BLR,AF194,0,0,AFR194,AFR
3946E9,27.8554,-15.4203,21,1225,125,7643,F-GCLP3,A319,F-GRXJ,1645968413,CDG,LPA,AF9452,0,-1024,AFR34PL,AFR
396446,22.6308,7.5124,170,37000,458,0000,F-SAT2,A332,F-GZCG,1645968409,CDG,PNR,AF830,0,0,AFR830,AFR
3949E4,21.6276,10.0736,168,37000,481,0000,F-SAT7,B772,F-GSPE,1645968409,CDG,BZV,AF770,0,0,AFR770,AFR
39CF00,51.6829,-37.1864,249,34004,463,0000,F-SAT6,A359,F-HTYA,1645968409,CDG,MIA,AF92,0,0,AFR092,AFR
3949F8,60.0244,-39.8052,278,36000,460,0000,T-F5M,B772,F-GSPY,1645968409,CDG,ATL,AF682,0,0,AFR682,AFR
394A14,63.7802,-36.8068,280,33000,483,2722,F-BGKK1,B77W,F-GSQU,1645968413,CDG,IAH,AF636,0,-64,AFR636,AFR
3949E8,30.0475,-21.9789,220,36000,501,0650,F-GCHI1,B772,F-GSPI,1645968416,CDG,GRU,AF462,0,0,AFR462,AFR
39C429,28.7906,29.221,161,35000,517,1677,F-HECA2,B789,F-HRBJ,1645968416,CDG,NBO,AF814,0,64,AFR814,AFR
396441,43.7186,2.8372,174,39000,481,7631,F-LFBO6,A332,F-GZCB,1645968415,CDG,ACC,AF584,0,0,AFR584,AFR
394A05,63.5321,-34.2105,283,33000,480,2245,F-BGKK1,B77W,F-GSQF,1645968412,CDG,LAX,AF66,0,-64,AFR066,AFR
39644A,37.3534,-25.9459,235,38000,401,5027,F-LPPD4,A332,F-GZCK,1645968416,CDG,SXM,AF498,0,0,AFR498,AFR
39C426,29.7236,-22.2165,214,39000,516,0652,F-GCHI1,B789,F-HRBG,1645968414,CDG,FOR,AF416,0,-64,AFR416,AFR
3949F9,31.2615,-22.972,233,36000,481,2000,F-EST,B772,F-GSPZ,1645968409,ORY,CAY,AF852,0,0,AFR852,AFR
394A0E,54.3437,-9.249,305,30000,472,5624,F-EINN2,B77W,F-GSQO,1645968414,CDG,CUN,AF650,0,0,AFR650,AFR
3949F4,26.4629,7.0104,353,38000,484,0000,F-SAT2,B772,F-GSPU,1645968417,LBV,CDG,AF977,0,0,AFR977,AFR
39CF0C,33.5203,-20.9036,237,37000,484,0672,F-LPMA9,A359,F-HTYM,1645968412,CDG,LIM,AF480,0,0,AFR480,AFR
394A17,37.9515,-24.512,238,35000,436,4542,F-LPPD3,B77W,F-GSQX,1645968413,ORY,PTP,AF776,0,0,AFR776,AFR
394A06,64.8023,-29.1056,300,33000,477,3214,F-BGKK1,B77W,F-GSQG,1645968413,CDG,SFO,AF86,0,0,AFR086,AFR
3949ED,48.4691,0.1782,242,30200,479,0657,F-LFLA3,B772,F-GSPN,1645968416,CDG,SJO,AF430,0,832,AFR430,AFR
39CF02,42.3488,29.689,108,37000,519,0675,T-LBWN24,A359,F-HTYC,1645968406,CDG,BOM,AF218,0,0,AFR218,AFR
394A08,62.3834,-21.5001,296,32000,476,2755,F-BIKF1,B77W,F-GSQI,1645968415,CDG,MEX,AF178,0,0,AFR178,AFR
392AEE,48.7453,1.6316,26,9750,296,4330,F-LFPT2,A320,F-GKXO,1645968415,RAK,CDG,AF1077,0,-1024,AFR31MU,AFR
3965AE,40.0182,-20.3143,247,35000,443,0000,F-SAT2,B77W,F-GZNO,1645968413,ORY,FDF,AF842,0,0,AFR842,AFR
39E685,48.9303,2.7164,265,13000,285,1000,F-LFPT2,BCS3,F-HZUF,1645968415,FCO,CDG,AF1105,0,-64,AFR86SA,AFR
3965A1,55.0655,-21.0699,270,33000,479,0000,F-SAT2,B77W,F-GZNB,1645968413,CDG,JFK,AF14,0,0,AFR014,AFR
3991E9,37.364,-7.722,185,37050,483,7604,F-LPPT2,A320,F-HEPJ,1645968413,CDG,RAK,AF1276,0,0,AFR75GJ,AFR
3986E0,48.9891,2.4945,85,950,135,1000,F-LFPG1,E170,F-HBXA,1645968414,ZAG,CDG,AF1561,0,-896,AFR38MP,AFR
3944E5,50.3894,6.0833,215,37975,459,0735,F-EDDG1,A319,F-GRHF,1645968414,ARN,CDG,AF1263,0,0,AFR15KP,AFR
392AF3,49.4446,3.5856,245,15875,419,3510,F-LFPG1,A320,F-GKXT,1645968414,BGO,CDG,AF1253,0,-1152,AFR32AC,AFR
3946EA,57.6276,14.0077,52,37000,444,1225,F-ESMQ5,A319,F-GRXK,1645968416,CDG,HEL,AF1070,0,0,AFR66ZY,AFR
398565,48.8007,3.1185,302,15000,388,1000,F-LFPB2,E190,F-HBLF,1645968415,NAP,CDG,AF1179,0,128,AFR51FN,AFR
3991EA,48.8704,1.8117,46,8350,292,4331,F-LFPC1,A320,F-HEPK,1645968415,MAD,CDG,AF1301,0,-704,AFR43RR,AFR
392AF9,48.9941,2.5884,87,0,46,0243,F-LFPG1,A320,F-GKXZ,1645968401,VCE,CDG,AF1427,1,0,AFR53VE,AFR
394C03,48.9825,2.379,89,2500,88,0552,F-LFPC1,A321,F-GTAD,1645968415,EDI,CDG,AF1687,0,-896,AFR26LF,AFR
3986EB,55.7386,9.0925,87,100,125,5617,F-EKVJ1,E170,F-HBXL,1645968414,CDG,BLL,AF1264,0,-576,AFR56ZZ,AFR
3946E3,42.127,11.4105,141,23975,432,1000,F-LIRF3,A319,F-GRXD,1645968415,CDG,FCO,AF1504,0,-1984,AFR28PP,AFR
3991E5,43.4051,-1.2388,210,37000,444,7614,F-LEZG3,A320,F-HEPF,1645968415,CDG,CMN,AF1596,0,-64,AFR48GU,AFR
398562,55.5589,11.9593,59,7000,272,5627,T-MLAT1,E190,F-HBLC,1645968412,CDG,CPH,AF1850,0,-1536,AFR81SW,AFR
39CF07,43.7329,-4.9583,211,35000,528,7616,F-LECO2,A359,F-HTYH,1645968414,CDG,ROB,AF879,0,0,AFR879,AFR
398564,50.204,9.2042,263,36000,453,1000,F-ETID1,E190,F-HBLE,1645968414,WAW,CDG,AF1147,0,0,AFR53WP,AFR
3991E7,41.4003,2.3818,245,4225,217,7620,F-LEBL4,A320,F-HEPH,1645968414,CDG,BCN,AF1648,0,-704,AFR92TL,AFR
394C18,48.9607,2.0007,77,4650,259,1062,F-LFPC1,A321,F-GTAY,1645968415,BCN,CDG,AF1349,0,0,AFR51TK,AFR
3946EC,48.6288,11.0794,124,10100,261,1000,F-EDMO3,A319,F-GRXM,1645968416,CDG,MUC,AF1622,0,-256,AFR28DB,AFR
3986E8,49.0,2.5965,357,0,10,1000,F-LFPB2,E170,F-HBXI,1645968406,BIQ,CDG,AF4143,1,0,AFR4143,AFR
39856D,44.0408,5.6216,131,27225,477,1000,F-LFML1,E190,F-HBLN,1645968413,LIL,NCE,AF1357,0,-2560,AFR93QQ,AFR
39E683,43.2853,-1.3268,206,37000,444,7633,F-LEZG3,BCS3,F-HZUD,1645968415,CDG,MAD,AF1600,0,0,AFR23UF,AFR
394C19,43.6131,4.9676,144,4050,255,1000,F-LFMV4,A321,F-GTAZ,1645968415,CDG,MRS,AF7664,0,-896,AFR29XG,AFR
394A00,49.9047,-6.0809,284,32000,445,5641,F-EGHE1,B77W,F-GSQA,1645968414,CDG,MIA,AF90,0,0,AFR090,AFR
3965B3,46.5984,9.8315,128,31000,453,0654,F-LIPU1,B77W,F-GZNT,1645968416,CDG,BKK,AF166,0,0,AFR166,AFR
394C13,41.9016,-2.8016,19,36000,445,4663,F-LECU4,A321,F-GTAT,1645968412,AGP,CDG,AF9421,0,64,AFR92FE,AFR
3949F3,44.5841,2.7264,174,35000,476,5640,F-LFMK2,B772,F-GSPT,1645968414,CDG,DLA,AF985,0,-64,AFR985,AFR
3950CF,48.144,3.0753,304,11575,377,1000,F-LFLA3,A318,F-GUGP,1645968416,MRS,ORY,AF6015,0,-1920,AFR93YC,AFR
3944E8,44.5143,5.6982,123,36975,453,1000,F-LFNC1,A319,F-GRHI,1645968416,ORY,CLY,AF7570,0,-64,AFR81FM,AFR
394C0A,46.0311,5.6773,188,7100,231,1000,F-LFHS1,A321,F-GTAK,1645968414,CDG,GVA,AF1442,0,-1216,AFR61ED,AFR
39856C,48.0829,-1.8186,101,850,124,1000,T-LFOZ4,E190,F-HBLM,1645968415,CDG,RNS,AF7676,0,-704,AFR25MC,AFR
39E681,45.8647,-2.7335,220,37000,466,7642,F-LFBP1,BCS3,F-HZUB,1645968413,CDG,LIS,AF1624,0,0,AFR94RP,AFR
394A04,53.0264,-0.9276,331,32000,500,5643,F-EGBB1,B77W,F-GSQE,1645968413,CDG,ORD,AF136,0,0,AFR136,AFR
39CF08,51.5338,-0.9251,296,38000,484,5646,F-EGGW2,A359,F-HTYI,1645968415,CDG,BOS,AF334,0,0,AFR334,AFR
3946E5,51.3308,0.01,297,11000,306,0640,F-EGTR2,A319,F-GRXF,1645968415,CDG,LHR,AF1780,0,0,AFR43TJ,AFR
393321,45.3496,4.182,143,34975,453,1000,F-LFLC2,A321,F-GMZB,1645968416,ORY,NCE,AF6246,0,0,AFR94DK,AFR
394A15,51.7609,0.4711,327,30000,512,0647,F-EGLK2,B77W,F-GSQV,1645968414,CDG,LAX,AF72,0,0,AFR072,AFR
39856E,46.0976,0.7578,211,31000,458,1000,F-LFBO5,E190,F-HBLO,1645968415,CDG,BIQ,AF7654,0,0,AFR69DN,AFR
3944EA,45.7557,23.3696,297,36000,444,1000,F-LRSM2,A319,F-GRHK,1645968415,OTP,CDG,AF1889,0,0,AFR25BR,AFR
3949F7,48.6971,5.7742,100,37000,428,0644,F-LFQB1,B772,F-GSPX,1645968415,CDG,DXB,AF662,0,-64,AFR662,AFR
392AEB,39.4842,21.2916,313,34025,420,5503,F-LBSF6,A320,F-GKXL,1645968416,ATH,CDG,AF1533,0,0,AFR17MR,AFR
392AF4,39.9759,-7.6301,44,29900,427,2023,F-LEBZ4,A320,F-GKXU,1645968416,LIS,CDG,AF1025,0,1216,AFR64HY,AFR
3944F3,50.4225,4.1857,190,30450,379,1000,F-EHWO3,A319,F-GRHT,1645968415,AMS,CDG,AF1641,0,-832,AFR89PV,AFR
394C10,47.2661,2.2872,188,32300,449,1000,F-LFRM1,A321,F-GTAQ,1645968416,ORY,TLS,AF6124,0,1280,AFR11QN,AFR
3950C6,44.7374,6.2078,330,34000,390,1000,F-LFLY1,A318,F-GUGG,1645968414,NCE,ORY,AF6245,0,0,AFR16HP,AFR
3991E1,39.0496,-71.5148,144,36100,533,1722,F-KEWR1,A320,F-HEPB,1645968415,JFK,PTP,AF621,0,640,AFR621,AFR
3949E5,48.7729,2.492,237,13650,327,7641,F-LFPG1,B772,F-GSPF,1645968414,CDG,NKC,AF751,0,4864,AFR751,AFR
393322,44.7628,1.2183,357,28000,417,1000,F-LFBO3,A321,F-GMZC,1645968416,TLS,ORY,AF6129,0,0,AFR49MH,AFR
3985A7,48.0532,2.5328,161,20125,422,1000,F-LFHY1,A320,F-HBNH,1645968414,ORY,NCE,AF6220,0,2048,AFR63QF,AFR
392AE9,48.3374,2.5443,184,20775,383,7644,F-LFPC1,A320,F-GKXJ,1645968415,CDG,TUN,AF1184,0,1792,AFR1184,AFR
39B167,43.5969,-0.5532,67,23175,364,1000,F-LFBO1,CRJX,F-HMLH,1645968416,BIQ,LYS,AF1591,0,1344,AFR17UP,AFR
398570,49.0116,2.8275,80,6425,263,1000,F-LFOB1,E190,F-HBLQ,1645968416,CDG,DUS,AF1406,0,2432,AFR53RD,AFR
3991E8,34.6266,-6.6573,15,17200,371,6473,F-LPFR5,A320,F-HEPI,1645968414,RBA,CDG,AF1259,0,2048,AFR79QJ,AFR
3950CA,43.3806,-0.4141,123,0,0,0000,F-LFBP2,A318,F-GUGK,1645968414,PUF,ORY,AF7453,1,0,AFR96YA,AFR
485000,51.8766,0.4147,72,35000,492,6255,F-EGTR2,B77W,PH-BVK,1645968418,LIM,AMS,KL744,0,0,KLM744,KLM
485345,52.8852,1.7941,101,27750,370,6251,F-EGSH1,B789,PH-BHM,1645968419,MEX,AMS,KL686,0,-1216,KLM142,KLM
4841C3,49.7174,-21.1738,69,32004,527,0000,F-SAT7,B744,PH-CKA,1645968413,MIA,AMS,MP7552,0,0,MPH7552,KLM
485343,35.4366,-35.5457,239,36000,415,5150,F-EST,B789,PH-BHI,1645968413,AMS,BOG,KL741,0,0,KLM741,KLM
485B43,62.7338,-54.8467,260,35000,482,2725,F-BGGH5,B78X,PH-BKC,1645968417,AMS,LAX,KL601,0,0,KLM601,KLM
485B44,61.9423,-51.9943,263,35000,488,2000,F-BGMQ1,B78X,PH-BKD,1645968419,AMS,IAH,KL661,0,-64,KLM661,KLM
485341,48.5131,-41.3386,238,35996,454,0000,F-SAT6,B789,PH-BHG,1645968421,AMS,SJO,KL719,0,0,KLM265,KLM
4841C4,41.7106,15.3941,148,41000,519,0151,F-LGKR6,B744,PH-CKB,1645968418,AMS,NBO,MP8561,0,0,MPH8561,KLM
485E2D,25.1276,29.6917,162,37000,564,1601,F-EST,B78X,PH-BKG,1645968413,AMS,ZNZ,KL515,0,0,KLM515,KLM
4851AF,59.8727,-46.4,247,35000,472,2000,F-BGNN1,B789,PH-BHD,1645968418,AMS,ATL,KL623,0,-64,KLM623,KLM
4851F7,38.2845,-29.5448,233,34000,425,3205,F-LPHR2,B77W,PH-BVU,1645968418,AMS,CUR,KL735,0,0,KLM125,KLM
485344,52.8124,-40.8544,244,36016,447,0000,F-SAT2,B789,PH-BHL,1645968413,AMS,MIA,KL627,0,0,KLM627,KLM
48436D,23.6085,8.4854,170,32812,487,0000,F-SAT2,B772,PH-BQF,1645968421,AMS,CPT,KL597,0,0,KLM103,KLM
485342,24.4153,9.7735,159,37000,488,3130,F-EST,B789,PH-BHH,1645968421,AMS,JNB,KL591,0,0,KLM591,KLM
4851B3,28.573,-15.6764,206,33000,546,2122,F-GCXO7,B77W,PH-BVP,1645968419,AMS,GRU,KL791,0,0,KLM791,KLM
48440F,48.9769,-26.8184,237,37996,408,0000,F-SAT2,A332,PH-AOA,1645968421,AMS,SXM,KL729,0,0,KLM243,KLM
4850F5,43.6817,-21.1406,254,32000,456,0000,F-SAT2,B77W,PH-BVO,1645968413,AMS,PTY,KL757,0,0,KLM757,KLM
485A35,41.4706,27.4311,151,22850,370,5554,F-LTBA6,B738,PH-BCL,1645968420,AMS,IST,KL1613,0,-2112,KLM1613,KLM
484CBA,45.7741,22.3866,120,33000,498,1737,F-LRSB3,B77W,PH-BVF,1645968418,AMS,DEL,KL871,0,0,KLM871,KLM
484410,42.4272,20.6939,126,39000,490,3166,F-LWSK5,A332,PH-AOB,1645968418,AMS,DMM,KL421,0,0,KLM421,KLM
485084,52.4863,4.7255,201,1850,184,1000,F-EHAM3,E190,PH-EXB,1645968418,BEG,AMS,KL1906,0,-640,KLM48X,KLM
484560,48.7503,-12.1622,244,30000,452,2107,T-EICK9,B77W,PH-BVC,1645968413,AMS,LIM,KL743,0,0,KLM743,KLM
4841C5,-19.551,-58.4297,292,40000,513,3353,F-SBCR1,B744,PH-CKC,1645968418,VCP,LIM,MP7762,0,0,MPH7762,KLM
485207,51.7016,7.4366,331,33300,462,1000,F-EDLW1,E190,PH-EXF,1645968418,FLR,AMS,KL1642,0,-2496,KLM64Y,KLM
4863DC,48.4241,0.0481,49,40000,460,1000,F-LFRZ1,E295,PH-NXD,1645968420,OPO,AMS,KL1712,0,0,KLM36G,KLM
4851B0,58.6656,-8.9758,302,32975,456,2111,F-EGPO5,B789,PH-BHE,1645968419,AMS,LAS,KL635,0,-64,KLM635,KLM
484EE5,45.4185,15.4568,138,37000,468,0170,F-LDZA4,B738,PH-HSE,1645968420,AMS,ATH,KL1575,0,0,KLM35F,KLM
4844C6,52.5334,4.9029,276,3700,271,1000,F-EHRD3,B738,PH-BXV,1645968417,VCE,AMS,KL1654,0,-1152,KLM40B,KLM
484EE4,44.5997,11.5137,164,37000,485,0170,F-LIMZ1,B738,PH-HSD,1645968420,AMS,CTA,KL911,0,0,KLM12A,KLM
485789,57.1616,-7.0146,298,35975,422,2101,F-EGAC1,B789,PH-BHO,1645968418,AMS,ORD,KL611,0,0,KLM611,KLM
484B90,52.5181,5.6386,272,11100,366,1000,F-EDDG2,B737,PH-BGI,1645968418,WAW,AMS,KL1364,0,-3072,KLM68K,KLM
48507F,51.9534,6.6004,311,24675,385,1000,F-EHGG3,E190,PH-EXA,1645968419,BLQ,AMS,KL1584,0,-2048,KLM78T,KLM
4841A6,45.9599,-2.4911,222,37000,467,2124,F-LFRZ1,B739,PH-BXT,1645968420,AMS,LIS,KL1695,0,0,KLM75C,KLM
484F06,43.9064,0.9384,193,39000,460,2103,F-LFBT1,B737,PH-BGM,1645968418,AMS,ALC,KL1509,0,0,KLM49M,KLM
48415F,50.1105,9.1105,328,40000,459,1000,F-EDDV5,B738,PH-BXF,1645968419,FCO,AMS,KL1602,0,-64,KLM1602,KLM
484131,55.9023,12.8521,234,38000,440,3537,F-EKCC1,B738,PH-BXB,1645968419,HEL,AMS,KL1168,0,0,KLM98Q,KLM
485A34,45.5175,0.3272,208,39000,456,2137,F-LFBL3,B738,PH-BCK,1645968418,AMS,AGP,KL1039,0,0,KLM81W,KLM
484130,51.4934,9.1591,299,38000,456,1000,F-EDDG1,B738,PH-BXA,1645968420,BUD,AMS,KL1976,0,0,KLM1976,KLM
484F72,56.1762,-4.009,301,33000,436,2127,F-EGEW1,A333,PH-AKB,1645968419,AMS,IAD,KL651,0,0,KLM259,KLM
484559,47.8946,0.9178,10,38000,453,1043,F-LFRM2,B738,PH-BGB,1645968420,BCN,AMS,KL1670,0,0,KLM66J,KLM
485A33,48.0729,19.1315,300,38000,474,1000,F-LZSL2,B738,PH-BCH,1645968418,OTP,AMS,KL1374,0,0,KLM38W,KLM
484CB7,53.3567,-2.2789,8,0,15,7331,F-EGCC4,B737,PH-BGQ,1645968349,AMS,MAN,KL1075,1,0,KLM1075,KLM
485871,52.5276,5.1676,273,6975,282,4141,F-EHLE2,E190,PH-EXV,1645968419,NUE,AMS,KL1884,0,-1536,KLM26U,KLM
484161,48.3482,2.4323,201,39000,453,2122,F-LFBK1,B738,PH-BXH,1645968420,AMS,MAD,KL1703,0,0,KLM51M,KLM
484ACB,53.0969,6.0301,230,19475,327,3527,F-EDWE1,E190,PH-EZA,1645968419,AAL,AMS,KL1330,0,-1920,KLM44H,KLM
484555,56.5604,12.4713,221,38000,430,0747,F-ESMT6,B738,PH-BXW,1645968420,ARN,AMS,KL1110,0,0,KLM20M,KLM
4851AE,54.6013,1.0796,306,35975,489,2115,F-EGQL1,B789,PH-BHC,1645968418,AMS,YYZ,KL691,0,0,KLM31,KLM
485875,49.1759,3.1589,205,37000,455,2133,F-EHBK1,E190,PH-EXY,1645968419,AMS,VLC,KL1503,0,-64,KLM1503,KLM
484F7E,56.0909,5.665,180,39000,422,3520,F-EDXW2,E190,PH-EZV,1645968419,SVG,AMS,KL1200,0,64,KLM80Y,KLM
485B42,54.0257,1.3338,301,34950,486,2102,F-EGNM5,B78X,PH-BKA,1645968418,AMS,JFK,KL641,0,128,KLM641,KLM
484F71,51.737,4.8132,176,14225,381,3167,F-EHWO1,A333,PH-AKA,1645968420,AMS,LOS,KL587,0,1984,KLM587,KLM
4850F6,14.5415,120.6609,255,20050,429,6564,F-RPLC3,B77W,PH-BVN,1645968419,MNL,BKK,KL804,0,3200,KLM804,KLM
484165,52.3358,4.6523,33,7300,284,3137,F-EHRD5,B738,PH-BXM,1645968418,AMS,HEL,KL1169,0,3200,KLM39E,KLM
4855D1,51.1531,15.7076,276,22500,393,1000,F-EPLL6,E75L,PH-EXO,1645968420,WRO,AMS,KL1272,0,1600,KLM22C,KLM
484F7F,58.0498,15.3133,225,20675,355,3533,F-ESOW6,E190,PH-EZW,1645968420,LPI,AMS,KL1182,0,3008,KLM1182,KLM
484F18,52.2536,4.9262,93,5650,262,1000,F-EHAM3,B738,PH-BCB,1645968418,AMS,FCO,KL1603,0,2816,KLM57N,KLM
485870,59.1983,10.2588,8,0,13,0730,T-ENTO26,E75L,PH-EXU,1645968416,TRF,AMS,KL1218,1,0,KLM66C,KLM
48548C,52.3088,4.7761,5,0,20,1000,F-EHAM1,E75L,PH-EXK,1645968418,AMS,BRU,KL1725,1,0,KLM91L,KLM
4852F4,55.7414,9.1449,177,0,1,0751,F-EKBI2,E75L,PH-EXG,1645968385,BLL,AMS,KL1346,1,0,KLM34K,KLM
485874,52.4187,16.829,329,0,15,0000,F-EPPO5,E75L,PH-EXX,1645968419,POZ,AMS,KL1274,1,0,KLM1274,KLM
485779,52.3038,4.77,59,0,18,1000,F-EHAM1,E75L,PH-EXS,1645968389,AMS,KRK,KL1995,1,0,KLM63F,KLM
4851F6,52.3129,4.7709,33,0,0,2147,F-EHAM1,B77W,PH-BVS,1645968399,AMS,AUA,KL767,1,0,KLM767,KLM
484368,52.3146,4.7617,261,0,1,2131,F-EHAM1,B772,PH-BQA,1645968390,AMS,CUR,KL733,1,0,KLM733,KLM
484C54,55.5343,12.4934,239,4350,231,5661,T-MLAT1,E190,PH-EZP,1645968416,CPH,AMS,KL1130,0,3520,KLM84D,KLM
484CC3,51.8479,-8.4921,345,0,1,7624,F-EICK1,E190,PH-EZS,1645968402,ORK,AMS,KL1086,1,0,KLM1086,KLM
C0173F,2.9818,104.8833,193,36750,474,3246,F-WMKJ3,B77W,C-FIUW,1645968419,YVR,SIN,AC2349,0,-2880,ACA2349,ACA
C02CF1,43.0757,-134.8857,48,37000,546,0000,F-SAT6,B77W,C-FRAM,1645968421,SYD,YVR,AC34,0,0,ACA034,ACA
C01049,59.1131,-122.1986,186,36975,459,0512,F-CYYE2,B789,C-FGEI,1645968420,DEL,YVR,AC45,0,64,ACA45,ACA
C0103E,50.6032,-90.8097,128,41000,576,6244,F-CYXL1,B789,C-FGDX,1645968420,ICN,YYZ,AC7274,0,0,ACA7274,ACA
C02FB8,-21.3135,-46.4614,167,38875,422,6355,F-SBSP1,B789,C-FSBV,1645968419,YYZ,GRU,AC90,0,-768,ACA090,ACA
C01755,59.7807,179.7762,261,34000,457,0000,F-SAT5,B77W,C-FIVS,1645968421,YYZ,ICN,AC27,0,0,ACA027,ACA
C023C9,39.0483,13.1665,112,36975,552,1257,F-LIRF2,B789,C-FNOI,1645968420,YYZ,DXB,AC56,0,0,ACA56,ACA
C01759,65.4117,-159.4044,252,34000,481,6334,F-PAUN1,B77W,C-FIVW,1645968418,YYZ,ICN,AC7289,0,64,ACA7289,ACA
C02EE7,51.802,7.2004,303,36000,497,3556,F-EDWI1,B789,C-FRTU,1645968418,DOH,YYZ,AC59,0,-64,ACA59,ACA
C03064,48.8828,-118.4335,51,35000,523,2607,F-KSFF3,B38M,C-FSIL,1645968417,HNL,YYC,AC528,0,-64,ACA528,ACA
C01753,61.4263,-46.6343,256,34000,478,3565,F-BGBW1,B77W,C-FIVQ,1645968418,FRA,YYZ,AC843,0,0,ACA843,ACA
C023C5,44.5152,-166.9757,65,36000,583,0000,F-SAT5,B789,C-FNOE,1645968417,NRT,YVR,AC4,0,0,ACA004,ACA
C01C52,40.7742,-138.8478,47,39004,533,0000,F-SAT6,B789,C-FKSV,1645968421,OGG,YVR,AC536,0,0,ACA536,ACA
C038A7,43.6727,-79.6098,56,0,18,7062,F-CYYZ2,B789,C-FVLU,1645968413,YVR,YYZ,AC2044,1,0,ACA2044,ACA
C058BE,59.5579,-42.9223,251,40000,450,0000,T-F5M,B788,C-GHPT,1645968421,BRU,YUL,AC833,0,0,ACA833,ACA
C0174F,61.9439,-29.9064,258,35000,459,3156,F-BIKF1,B77W,C-FIVM,1645968421,FRA,YUL,AC845,0,0,ACA845,ACA
C066DD,43.6806,-79.6167,137,0,1,0610,F-CYYZ3,BCS3,C-GMYU,1645968403,YUL,YYZ,AC401,1,0,ACA401,ACA
C04FD7,59.926,-28.5914,277,38000,442,0000,F-EST,A333,C-GEGC,1645968421,AMS,YYZ,AC7223,0,0,ACA7223,ACA
C0104F,45.9827,156.2185,37,34992,568,0000,F-SAT5,B789,C-FGEO,1645968413,ICN,YYZ,AC62,0,0,ACA062,ACA
C038A3,39.9427,158.4572,52,38992,628,0000,F-SAT5,B789,C-FVLQ,1645968421,ICN,YVR,AC7280,0,0,ACA7280,ACA
C0173E,34.2426,126.4362,21,29000,512,4461,F-RKJJ2,B77W,C-FIUV,1645968420,PVG,ICN,AC7298,0,0,ACA7298,ACA
C058DD,59.0751,-39.1823,261,38000,470,0000,T-F5M,B788,C-GHQY,1645968421,DUB,YYZ,AC801,0,0,ACA801,ACA
C067AE,43.6793,-79.6142,14,0,1,2215,F-CYYZ2,BCS3,C-GNGV,1645968420,YYZ,LGA,AC702,1,0,ACA702,ACA
C07973,45.4563,-73.756,255,0,1,1042,F-CYUL4,BCS3,C-GTZU,1645968417,YUL,DEN,AC1073,1,0,ACA1073,ACA
C023C7,31.5692,-138.3604,57,39000,531,0000,F-EST,B789,C-FNOG,1645968421,OGG,YYZ,AC530,0,0,ACA530,ACA
C038AA,35.3647,-145.9995,43,39000,564,2673,F-EST,B789,C-FVLX,1645968413,HNL,YVR,AC518,0,0,ACA518,ACA
C0219C,49.5639,-91.7895,272,34000,358,6221,F-CYXL1,A320,C-FMSX,1645968420,YOW,YYC,AC351,0,-64,ACA351,ACA
C02ECA,58.2072,-21.2268,284,36992,475,0000,F-SAT2,B789,C-FRSR,1645968413,LHR,YYZ,AC855,0,0,ACA855,ACA
C051E6,53.643,-7.0682,295,36000,457,5750,F-EIKY2,A333,C-GFAJ,1645968418,GVA,YUL,AC885,0,0,ACA885,ACA
C010A8,30.5099,-81.2065,180,32000,497,2252,F-KLEE1,B789,C-FGHZ,1645968419,YYZ,MCO,AC1090,0,64,ACA1090,ACA
C06080,45.8232,-82.474,126,31000,564,7112,F-KMBS3,A320,C-GKOD,1645968419,YWG,YYZ,AC260,0,-64,ACA260,ACA
C066F4,44.9286,-67.5196,95,35000,548,2253,F-CYQI1,BCS3,C-GMZR,1645968418,YYZ,YHZ,AC602,0,64,ACA602,ACA
C05D3C,50.2903,-105.1619,266,38000,374,7103,F-CYXE1,CRJ9,C-GJHZ,1645968419,YWG,YVR,AC8539,0,0,JZA539,ACA
C05840,51.3853,-0.8911,299,36000,466,7756,F-EGKK2,A333,C-GHKX,1645968418,LYS,YUL,AC877,0,0,ACA877,ACA
C05EDD,45.4662,-73.7449,357,0,0,6571,F-CYUL4,BCS3,C-GJYA,1645968415,YUL,YYZ,AC403,1,0,ACA403,ACA
C038CA,47.8556,5.9038,315,31450,487,3032,F-LFGA1,B789,C-FVND,1645968420,ZRH,YYZ,AC881,0,704,ACA881,ACA
C05EDB,45.4588,-73.746,177,0,1,1006,F-CYUL4,BCS3,C-GJXY,1645968403,YUL,YEG,AC329,1,0,ACA329,ACA
C058C3,53.6432,4.2766,326,36000,497,2520,F-EHGG3,B788,C-GHPY,1645968419,FRA,YYC,AC849,0,-64,ACA849,ACA
C00B7D,43.2049,-81.0363,62,28300,491,4706,F-CYCK3,E75S,C-FEJC,1645968420,ORD,YYZ,AC7450,0,-3072,JZA7450,ACA
C0175A,51.1951,0.1263,289,32000,487,0642,F-EGTR2,B77W,C-FIVX,1645968418,CDG,YUL,AC871,0,0,ACA871,ACA
C07966,42.5892,-77.5104,292,28000,334,1170,F-CYPQ1,BCS3,C-GTZH,1645968417,LGA,YYZ,AC703,0,0,ACA0703,ACA
C051E4,45.4716,-73.7232,222,275,100,0615,F-CYUL4,A333,C-GFAH,1645968418,YUL,YVR,AC301,0,0,ACA301,ACA
C066FB,43.7885,-78.4978,69,22250,473,6350,F-CYTR1,BCS3,C-GMZY,1645968418,YYZ,YUL,AC402,0,1152,ACA402,ACA
C05EA2,44.7582,-77.8448,242,28000,382,4324,F-CYRO3,A320,C-GJVT,1645968419,YOW,YYZ,AC443,0,0,ACA443,ACA
C05EDF,51.0678,-113.3481,96,18400,405,1756,F-CYYC3,BCS3,C-GJYC,1645968417,YYC,YYZ,AC130,0,1856,ACA130,ACA
C0730E,53.2527,-112.1371,100,20075,428,1303,F-CYQF3,BCS3,C-GROV,1645968420,YEG,YUL,AC332,0,1472,ACA332,ACA
C02E9B,43.7333,-80.8457,269,28425,321,6357,F-CYXU1,E75S,C-FRQW,1645968419,YYZ,ORD,AC7453,0,1472,JZA7453,ACA
C043B7,43.0669,-80.6018,243,20525,367,2263,F-CYTZ2,A320,C-FZQS,1645968420,YYZ,SFO,AC737,0,1024,ACA737,ACA
C0583F,51.4665,-0.4835,270,0,14,7642,F-EGLL2,A333,C-GHKW,1645968379,LHR,YUL,AC865,1,0,ACA865,ACA
C05C7A,60.7156,-135.0748,340,0,9,3327,F-CYXY1,CRJ9,C-GJAN,1645968420,YXY,YVR,AC8888,1,0,JZA888,ACA
C05D56,50.2854,-106.2557,266,30350,365,1160,F-KXWA1,CRJ9,C-GJIZ,1645968417,YQR,YVR,AC8189,0,1280,JZA189,ACA
C02FED,19.4373,-99.0755,241,0,0,4342,F-MMMX8,B38M,C-FSDW,1645968417,MEX,YVR,AC997,1,0,ACA997,ACA
C067E7,45.4661,-73.7476,357,0,0,6270,F-CYUL4,CRJ2,C-GNJA,1645968416,YUL,YQM,AC7992,1,0,JZA7992,ACA
C00B7E,45.4575,-73.755,28,0,0,6544,F-CYUL4,E75S,C-FEJD,1645968396,YUL,EWR,AC7588,1,0,JZA7588,ACA
C0173A,45.4644,-73.7501,357,0,8,6542,F-CYUL4,B77W,C-FIUR,1645968419,YUL,CUN,AC926,1,0,ACA926,ACA
C054A0,61.9819,-114.4267,179,15350,301,5236,F-CYZF1,DH8D,C-GGBF,1645968418,YZF,YYC,AC8456,0,1664,JZA456,ACA
C010E4,43.6804,-79.622,317,0,4,0521,F-CYYZ3,A320,C-FGKH,1645968420,YYZ,YOW,AC442,1,0,ACA442,ACA
C01C02,28.4313,-81.2971,8,0,23,2664,F-KMCO1,A320,C-FKPT,1645968401,MCO,YYZ,AC1083,1,0,ACA1083,ACA
C05BCB,43.6785,-79.6132,78,0,3,6346,F-CYYZ2,A321,C-GITU,1645968420,YYZ,PHX,AC1287,1,0,ACA1287,ACA
3C64F4,50.4709,5.6101,104,31400,406,5214,F-EDFH1,A343,D-AIGT,1645968420,SJO,FRA,LH519,0,-1984,DLH519,DLH
3C4B26,50.5104,5.8816,108,30475,444,1146,F-EDKA1,B748,D-ABYF,1645968418,MEX,FRA,LH499,0,-2176,DLH499,DLH
3C6704,49.7432,12.1572,189,26950,512,3513,F-LKKV2,A359,D-AIXD,1645968418,YVR,MUC,LH477,0,-832,DLH477,DLH
3C6573,41.0886,35.5104,289,38000,430,3275,F-LTFH2,A333,D-AIKS,1645968418,MLE,FRA,LH705,0,0,DLH705,DLH
3C6706,54.162,-41.1492,77,40992,560,0000,F-SAT6,A359,D-AIXF,1645968417,SFO,MUC,LH459,0,0,DLH459,DLH
3C6702,6.3167,9.4476,2,40000,508,4772,F-EST,A359,D-AIXB,1645968413,CPT,MUC,LH575,0,0,DLH575,DLH
3C4B21,41.7318,36.5405,271,40025,447,3206,F-LTFH2,B748,D-ABYA,1645968418,PEK,FRA,LH725,0,0,DLH725,DLH
3C64ED,63.0427,-41.3938,273,34000,462,3476,F-BGKK1,A343,D-AIGM,1645968419,FRA,DFW,LH438,0,-64,DLH438,DLH
3C656B,61.1333,-33.0956,271,36004,414,0000,F-SAT2,A333,D-AIKK,1645968421,FRA,IAH,LH440,0,0,DLH440,DLH
3C4B28,51.3215,-38.7967,247,34016,448,0000,F-SAT2,B748,D-ABYH,1645968417,FRA,MIA,LH462,0,0,DLH462,DLH
3C64A6,32.005,34.873,185,0,0,5575,F-LLSD2,A21N,D-AIEF,1645968388,FRA,TLV,LH686,1,0,DLH686,DLH
3C4B35,62.7304,-36.2193,281,34000,483,2324,F-BGKK1,B748,D-ABYU,1645968420,FRA,LAX,LH456,0,0,DLH456,DLH
3C64A1,49.3689,5.4622,74,35950,413,1000,F-ETAD1,A21N,D-AIEA,1645968420,FNC,FRA,LH1171,0,-128,DLH55T,DLH
3C65CB,34.8706,33.6101,225,0,0,7644,F-LCLK2,A20N,D-AINK,1645968370,FRA,LCA,LH1292,1,0,DLH1292,DLH
3C4B2A,61.822,-31.387,266,33000,480,2316,F-EST,B748,D-ABYJ,1645968421,FRA,ORD,LH430,0,0,DLH430,DLH
3C64A2,33.4619,-16.062,216,14775,434,0626,F-LPMA8,A21N,D-AIEB,1645968420,FRA,FNC,LH1170,0,-2368,DLH63X,DLH
3C64EC,57.7226,-25.8836,279,35000,412,0000,F-SAT2,A343,D-AIGL,1645968421,FRA,JFK,LH400,0,0,DLH400,DLH
3C656E,58.4607,-23.6215,283,37996,405,0000,F-SAT2,A333,D-AIKN,1645968413,FRA,BOS,LH422,0,0,DLH5EJ,DLH
3C66A9,35.4927,31.0917,111,37025,491,7705,F-LTAI1,A320,D-AIUI,1645968419,FRA,BEY,LH1306,0,0,DLH1306,DLH
3C6481,63.8645,-21.5174,307,10350,325,3535,F-BIKF1,A321,D-AIDA,1645968418,FRA,KEF,LH856,0,-2048,DLH8KY,DLH
3C65D4,48.3503,11.7955,286,0,13,1000,F-EDDM1,A20N,D-AINT,1645968408,MLA,MUC,LH1925,1,0,DLH4LX,DLH
3C6570,32.2891,25.5347,151,37000,521,1656,F-LGSA5,A333,D-AIKP,1645968418,FRA,NBO,LH590,0,-64,DLH590,DLH
3C656C,30.7026,6.2272,188,37000,443,2513,F-EST,A333,D-AIKL,1645968421,FRA,LOS,LH568,0,0,DLH568,DLH
3C6569,30.8178,6.7976,178,39000,458,2553,F-EST,A333,D-AIKI,1645968421,FRA,ABV,LH594,0,0,DLH594,DLH
3C6708,57.8045,-9.1318,293,39000,452,0616,F-EGPR1,A359,D-AIXH,1645968419,MUC,DEN,LH480,0,0,DLH480,DLH
3C4B27,64.349,-5.9616,329,34000,447,2150,F-EKVG6,B748,D-ABYG,1645968417,FRA,SFO,LH454,0,0,DLH454,DLH
3C6747,35.9394,28.7676,125,37000,512,5571,F-LGIR3,A320,D-AIZG,1645968417,MUC,TLV,LH680,0,0,DLH680,DLH
3C6565,41.0499,22.361,140,37000,478,5573,F-LWSK5,A333,D-AIKE,1645968418,FRA,RUH,LH636,0,0,DLH636,DLH
3C6488,38.8885,-4.5585,200,34975,461,2550,F-LEBA5,A321,D-AIDH,1645968420,FRA,AGP,LH1148,0,0,DLH99W,DLH
3C66E9,48.221,11.2381,35,3850,264,1000,F-EDMO3,A320,D-AIWI,1645968419,MAD,MUC,LH1801,0,-640,DLH66E,DLH
3C65D6,39.1105,27.8285,129,39050,485,6404,F-LTBO1,A20N,D-AINV,1645968418,MUC,LCA,LH1768,0,0,DLH1768,DLH
3C65D7,48.3194,11.4792,82,4550,192,1000,F-EDMO3,A20N,D-AINW,1645968419,ATH,MUC,LH1753,0,64,DLH6KV,DLH
3C674F,48.5303,12.2378,236,11975,396,2256,F-EDDM2,A320,D-AIZO,1645968419,HEL,MUC,LH2461,0,-1024,DLH9JT,DLH
3C670E,57.3078,-7.4419,297,38000,455,7757,F-XBRO3,A359,D-AIXN,1645968420,MUC,LAX,LH452,0,64,DLH452,DLH
3C65D0,44.5691,8.7194,44,38000,444,1000,F-LIMP1,A20N,D-AINP,1645968419,SVQ,MUC,LH1823,0,64,DLH1823,DLH
3C64EE,45.0254,24.0665,121,35000,478,7712,F-LYBE1,A343,D-AIGN,1645968418,FRA,BOM,LH756,0,0,DLH756,DLH
3C65D8,39.8551,-3.3674,225,37025,432,3775,F-LEZG3,A20N,D-AINX,1645968418,MUC,AGP,LH1832,0,0,DLH77Y,DLH
3C670A,61.0088,-2.0108,329,38000,477,2023,F-EGPA2,A359,D-AIXJ,1645968417,FRA,YVR,LH492,0,-64,DLH492,DLH
3C64A4,49.9235,8.1647,341,5925,237,5520,F-EDFM1,A21N,D-AIED,1645968419,PMI,FRA,LH1155,0,-2688,DLH17V,DLH
3C656F,56.5524,-7.5761,289,34000,409,7764,F-EGPF5,A333,D-AIKO,1645968418,FRA,IAD,LH418,0,0,DLH418,DLH
3C6586,50.2296,8.0194,166,9075,295,0743,F-ETIE1,A319,D-AILF,1645968418,BGO,FRA,LH875,0,-960,DLH875,DLH
3C64A8,34.97,-13.911,44,36000,410,1143,F-LPMA8,A21N,D-AIEH,1645968419,FNC,MUC,LH1791,0,0,DLH97P,DLH
3C6483,41.534,19.6272,135,35000,478,6431,F-LIBN4,A321,D-AIDC,1645968420,FRA,ATH,LH1282,0,-64,DLH1VV,DLH
3C6490,41.2997,2.0863,244,0,76,0611,F-LEBL4,A321,D-AIDP,1645968417,MUC,BCN,LH1810,1,0,DLH33U,DLH
3C66E5,48.4385,7.8926,88,35000,404,1000,F-LSZB3,A320,D-AIWE,1645968420,CDG,MUC,LH2229,0,0,DLH23A,DLH
3C6544,59.6506,10.245,26,18375,410,0244,F-ENTO6,A20N,D-AIJD,1645968419,FRA,OSL,LH862,0,-2624,DLH1HT,DLH
3C65CA,50.8499,7.1813,103,22300,334,1156,F-EDLW1,A20N,D-AINJ,1645968418,DUB,FRA,LH979,0,-1792,DLH9WL,DLH
3C6746,48.405,11.1782,144,5625,259,1000,F-EDMO3,A320,D-AIZF,1645968419,DUS,MUC,LH2017,0,-640,DLH6TW,DLH
3C6750,50.9773,10.5299,232,21850,431,1000,F-ETHF1,A320,D-AIZP,1645968419,BER,FRA,LH189,0,-768,DLH5CV,DLH
3C6482,47.1146,8.0804,14,33975,382,5344,F-LFHS1,A321,D-AIDB,1645968420,BCN,FRA,LH1125,0,0,DLH91A,DLH
3C65C2,46.3828,7.5123,28,38000,415,5353,F-LFLI1,A20N,D-AINB,1645968419,VLC,FRA,LH1161,0,0,DLH56T,DLH
3C4DCD,47.9966,12.7246,302,16600,407,1000,F-EDMS2,CRJ9,D-ACNM,1645968418,BEG,MUC,LH1741,0,-1920,DLH1741,DLH
3C648B,44.5148,-1.3324,28,34000,445,2330,F-LFBO1,A321,D-AIDK,1645968419,SVQ,FRA,LH1141,0,0,DLH55N,DLH
3C6594,45.6877,19.3648,308,36025,470,2265,F-LYBE1,A319,D-AILT,1645968419,SOF,MUC,LH1729,0,64,DLH1729,DLH
3C64F7,54.5258,-0.8415,305,32000,466,2517,F-EGNM7,A343,D-AIGW,1645968418,FRA,MCO,LH464,0,-64,DLH464,DLH
3C66EB,45.6952,0.5758,209,36975,445,2551,F-LEXJ6,A320,D-AIWK,1645968420,FRA,MAD,LH1114,0,64,DLH92K,DLH
3C65C7,50.0357,8.4916,69,0,112,5660,F-EDDF1,A20N,D-AING,1645968420,CPH,FRA,LH827,0,-576,DLH7HW,DLH
3C6744,48.3728,11.3884,177,4600,224,1350,F-EDMO3,A320,D-AIZD,1645968419,HAM,MUC,LH2063,0,-1024,DLH2PR,DLH
3C65C3,43.4455,-4.6216,27,38000,418,0517,F-LELN1,A20N,D-AINC,1645968419,LIS,FRA,LH1167,0,0,DLH28Y,DLH
3C4DC1,52.4033,16.3542,56,6075,221,3601,F-EPWR6,CRJ9,D-ACNA,1645968420,FRA,POZ,LH1390,0,-1216,DLH3WN,DLH
3C66B6,53.7212,9.9173,152,975,143,7441,F-EDDH3,A320,D-AIUV,1645968417,MUC,HAM,LH2066,0,-1024,DLH4MF,DLH
3C5463,53.8569,2.1839,118,37000,441,5233,F-EGSH1,E190,D-AECC,1645968420,EDI,FRA,LH963,0,0,DLH3PL,DLH
3C4DC3,47.8434,11.277,12,10825,316,1000,F-EDDM3,CRJ9,D-ACNC,1645968419,NCE,MUC,LH2271,0,-2432,DLH51F,DLH
3C4DC8,48.3492,11.5948,82,3425,162,3507,F-EDMO3,CRJ9,D-ACNH,1645968419,LUX,MUC,LH2551,0,-1152,DLH2551,DLH
3C6741,49.5359,12.0858,188,23950,493,5663,F-LKPR3,A320,D-AIZA,1645968418,CPH,MUC,LH2441,0,-1024,DLH7NM,DLH
3C648D,44.7595,4.7896,224,35050,478,2576,F-LFMH1,A321,D-AIDM,1645968420,FRA,BCN,LH1130,0,0,DLH52V,DLH
3C66A8,46.6361,14.3313,129,31925,434,1000,F-LJMB3,A320,D-AIUH,1645968420,FRA,ZAG,LH1414,0,-1728,DLH2PJ,DLH
3C6637,47.9728,11.0396,38,10750,305,1000,F-EDDM1,A320,D-AIQW,1645968418,LYS,MUC,LH2249,0,-2240,DLH94N,DLH
3C6597,47.7356,13.5785,293,29025,478,1000,F-LOWI2,A319,D-AILW,1645968420,TSR,MUC,LH2529,0,-960,DLH2529,DLH
3C64AB,56.6691,18.4418,222,36000,464,6501,F-ESMQ2,A21N,D-AIEK,1645968420,HEL,FRA,LH849,0,-64,DLH5LX,DLH
3C65C1,54.5459,10.2827,180,35000,455,0746,F-ESMT1,A20N,D-AINA,1645968419,OSL,FRA,LH861,0,0,DLH3VR,DLH
3C5469,46.8134,19.6,293,36000,454,1000,F-LQBK3,E190,D-AECI,1645968419,OTP,FRA,LH1421,0,64,DLH1421,DLH
3C6584,48.5214,11.7143,215,10150,337,1000,F-LOWS5,A319,D-AILD,1645968420,BRE,MUC,LH2193,0,-1984,DLH6YX,DLH
3C5461,49.2855,14.9473,108,35000,384,1000,F-LKPR3,E190,D-AECA,1645968418,FRA,CLJ,LH1472,0,0,DLH7WH,DLH
3C6657,43.701,22.6131,323,23150,456,1757,F-LBVD1,A321,D-AIRW,1645968419,SOF,FRA,LH1427,0,832,DLH7AC,DLH
3C6543,54.3744,11.5931,32,37000,426,3734,F-EDCG2,A20N,D-AIJC,1645968419,FRA,ARN,LH806,0,0,DLH8NF,DLH
3C6484,48.1275,0.8688,63,37975,448,1000,F-LFRG1,A321,D-AIDD,1645968419,BIO,FRA,LH1143,0,0,DLH44C,DLH
3C670B,53.154,4.5584,307,38000,493,2527,F-EGNM8,A359,D-AIXK,1645968417,FRA,YYZ,LH470,0,0,DLH470,DLH
3C6668,46.7046,14.6698,125,35025,437,6424,F-LQBK2,A321,D-AISH,1645968418,FRA,IST,LH1298,0,-64,DLH1298,DLH
3C666A,54.1462,12.4932,33,35000,420,7721,F-EDHN1,A321,D-AISJ,1645968419,FRA,HEL,LH850,0,0,DLH1LL,DLH
3C6581,48.361,11.7446,83,1325,113,1250,F-EDDM1,A319,D-AILA,1645968418,CGN,MUC,LH1979,0,-576,DLH8EE,DLH
3C4D66,48.3379,11.7145,83,1550,127,1000,F-EDDM1,CRJ9,D-ACKF,1645968418,ZRH,MUC,LH2371,0,-896,DLH2RW,DLH
3C4A8B,47.3954,12.6853,134,37000,496,7661,F-LOWG4,B744,D-ABTK,1645968418,FRA,DXB,LH630,0,0,DLH630,DLH
3C4D6A,48.2999,8.9376,354,29325,432,1000,F-EDSB2,CRJ9,D-ACKJ,1645968420,GOA,FRA,LH261,0,-1472,DLH2LC,DLH
3C674E,41.2936,15.5176,6,37975,461,1243,F-LDSP1,A320,D-AIZN,1645968419,CTA,FRA,LH307,0,0,DLH7FL,DLH
3C4B32,52.5004,5.4298,302,32000,506,2571,F-EDDG1,B748,D-ABYR,1645968420,FRA,MEX,LH498,0,0,DLH498,DLH
3C65C5,39.5182,13.4244,349,38000,427,6567,F-LMML1,A20N,D-AINE,1645968418,MLA,FRA,LH1277,0,0,DLH1KW,DLH
3C6590,44.949,9.0261,39,37975,435,1000,F-LIPX4,A319,D-AILP,1645968420,MRS,MUC,LH2245,0,0,DLH2245,DLH
3C65C9,43.4615,-2.07,26,36025,452,1423,F-LFBD1,A20N,D-AINI,1645968420,MAD,FRA,LH1113,0,0,DLH72J,DLH
3C66B0,48.3613,11.7973,264,0,11,1000,F-EDDM1,A320,D-AIUP,1645968419,FRA,MUC,LH118,1,0,DLH118,DLH
3C6487,43.9699,11.6088,355,35650,427,1000,F-LIRA4,A321,D-AIDG,1645968418,FCO,FRA,LH233,0,640,DLH3NW,DLH
3C64A3,48.2444,11.3956,131,35000,414,0134,F-EDDM2,A21N,D-AIEC,1645968419,FRA,CAI,LH580,0,64,DLH580,DLH
3C6446,49.1347,13.8198,239,26375,547,1000,F-LKPR1,A319,D-AIBF,1645968420,KRK,MUC,LH1621,0,-1600,DLH8PN,DLH
3C6583,49.9606,8.937,137,36700,438,1000,F-EDQD2,A319,D-AILC,1645968417,AMS,MUC,LH2301,0,-960,DLH5ME,DLH
3C4DD2,48.1981,8.4903,15,32000,425,1000,F-EDNY1,CRJ9,D-ACNR,1645968419,GVA,FRA,LH1217,0,64,DLH6HY,DLH
3C6485,49.8707,11.72,96,32300,387,7641,F-LKPR3,A321,D-AIDE,1645968418,FRA,GYD,LH612,0,640,DLH612,DLH
3C4B2B,51.8964,7.5222,330,26325,500,2556,F-EDKA1,B748,D-ABYK,1645968418,FRA,EWR,LH402,0,1024,DLH402,DLH
3C66B2,47.8487,14.8606,281,31300,516,1000,F-LZIB3,A320,D-AIUR,1645968420,BUD,MUC,LH1727,0,-1472,DLH1727,DLH
3C6444,45.6288,17.9863,302,33975,467,4516,F-LHPP2,A319,D-AIBD,1645968420,BEG,FRA,LH1407,0,64,DLH6LM,DLH
3C5464,42.0072,19.2465,335,23325,368,1365,F-BKPR3,E190,D-AECD,1645968419,TIA,FRA,LH1425,0,1216,DLH1425,DLH
3C4DC4,52.8672,15.662,211,31150,525,1000,F-EPBY6,CRJ9,D-ACND,1645968419,GDN,MUC,LH1643,0,448,DLH9MM,DLH
3C66E3,43.621,11.5771,356,31750,444,1000,F-LIRA3,A320,D-AIWC,1645968420,FCO,MUC,LH1867,0,1216,DLH2VX,DLH
3C66A1,46.882,9.0763,3,32000,404,1000,F-LSZB1,A320,D-AIUA,1645968420,LIN,FRA,LH273,0,64,DLH9JA,DLH
3C6545,50.9689,9.3866,52,23050,420,3732,F-EDVK1,A20N,D-AIJE,1645968418,FRA,TLL,LH882,0,2432,DLH882,DLH
3C65CC,50.4763,7.743,308,24125,454,0124,F-EDDF1,A20N,D-AINL,1645968420,FRA,GLA,LH974,0,1344,DLH974,DLH
3C648E,41.9909,-8.5788,8,17950,395,5466,F-LPPR2,A321,D-AIDN,1645968417,OPO,FRA,LH1177,0,1664,DLH62A,DLH
3C4DC6,47.9375,7.8456,15,23875,326,1000,F-LFSQ2,CRJ9,D-ACNF,1645968419,BSL,FRA,LH1205,0,960,DLH2PP,DLH
3C6489,50.3335,8.9012,26,10900,322,1000,F-EDLW2,A321,D-AIDI,1645968419,FRA,BER,LH186,0,1088,DLH8YM,DLH
3C66A6,48.1393,15.7762,277,15900,412,1000,F-LDZA8,A320,D-AIUF,1645968419,VIE,FRA,LH1239,0,2112,DLH09X,DLH
3C66A3,50.1459,8.6313,357,4725,266,0123,T-EDDF240,A320,D-AIUC,1645968417,FRA,MAN,LH938,0,3136,DLH9HP,DLH
3C6593,48.2445,11.9821,185,11425,316,1000,F-LOWS5,A319,D-AILS,1645968420,MUC,FCO,LH1868,0,3072,DLH1XN,DLH
3C66AB,48.7992,11.2656,325,16525,396,1000,F-LOWS2,A320,D-AIUK,1645968418,MUC,FRA,LH109,0,2752,DLH6UA,DLH
3C4DD7,51.1002,16.894,295,0,64,0000,F-EPWR4,CRJ9,D-ACNW,1645968406,WRO,FRA,LH1373,1,0,DLH4XN,DLH
3C6486,48.3453,11.8151,84,2400,158,6674,F-EDMO3,A321,D-AIDF,1645968419,MUC,FAO,LH1786,0,1920,DLH91X,DLH
3C674D,48.7141,12.0997,24,15275,324,1000,F-EDQD2,A320,D-AIZM,1645968417,MUC,BER,LH1944,0,1792,DLH9YF,DLH
3C4DC2,49.4975,11.0706,278,0,24,4165,F-EDDN2,CRJ9,D-ACNB,1645968420,NUE,FRA,LH147,1,0,DLH8LL,DLH
3C6582,48.3457,11.7672,264,0,28,4362,F-EDDM1,A319,D-AILB,1645968420,MUC,CTA,LH1906,1,0,DLH1906,DLH
3C5468,46.9964,15.4431,126,0,0,1000,F-LOWG2,E190,D-AECH,1645968419,GRZ,FRA,LH1261,1,0,DLH02E,DLH
3C66E8,48.3495,11.7954,174,0,18,6667,F-EDDM1,A320,D-AIWH,1645968397,MUC,MAD,LH1802,1,0,DLH1802,DLH
3C66AC,55.6263,12.6413,126,0,0,0733,F-EKCH1,A320,D-AIUL,1645968418,CPH,FRA,LH829,1,0,DLH8CX,DLH
3965B1,40.0555,116.6001,353,0,137,3002,T-F6M,B77W,F-GZNR,1645826973,CDG,PEK,AF128,0,-512,AFR128,AFR
39CF03,46.4352,-76.8532,214,40000,445,705,F-CYRO3,A359,F-HTYD,1645826978,CDG,ATL,AF688,0,0,AFR688,AFR
394A04,37.8039,123.0298,134,26600,456,0,T-RKSS16,B77W,F-GSQE,1645826977,CDG,ICN,AF264,0,0,AFR264,AFR
396442,5.3115,-52.1395,204,11250,345,5314,F-SOCA2,A332,F-GZCC,1645826978,CDG,CAY,AF866,0,-1600,AFR866,AFR
3965AD,25.6349,-75.3171,258,32000,475,4003,F-MYEH1,B77W,F-GZNN,1645826978,CDG,CUN,AF652,0,0,AFR652,AFR
394A0D,25.892,-53.0094,246,36000,467,0,F-SAT6,B77W,F-GSQN,1645826972,CDG,PUJ,AF910,0,0,AFR910,AFR
39C425,16.9096,-69.5588,231,38000,506,7414,F-MDBH1,B789,F-HRBF,1645826976,CDG,PTY,AF474,0,-64,AFR474,AFR
394A0F,14.5953,-61.0014,47,0,1,4011,F-TFFF1,B77W,F-GSQP,1645826925,CDG,FDF,AF810,1,0,AFR810,AFR
396449,9.9534,-0.554,217,40000,463,2000,F-DSGI3,A332,F-GZCJ,1645826977,CDG,ABJ,AF704,0,0,AFR704,AFR
3965A4,40.6531,-73.7818,270,0,20,770,F-KJFK1,B77W,F-GZNE,1645826977,CDG,JFK,AF6,1,0,AFR006,AFR
394A11,16.4022,-61.7583,233,3525,262,4026,F-TFFR1,B77W,F-GSQR,1645826977,CDG,PTP,AF762,0,-64,AFR762,AFR
39CF0D,45.4598,-73.7536,208,0,3,2405,F-CYUL4,A359,F-HTYN,1645826968,CDG,YUL,AF344,1,0,AFR344,AFR
394A0E,17.749,38.6521,140,33000,528,1616,F-HSPN1,B77W,F-GSQO,1645826977,CDG,RUN,AF646,0,0,AFR646,AFR
3965A1,43.778,-72.0638,212,38000,403,710,F-KBTV1,B77W,F-GZNB,1645826976,CDG,IAD,AF54,0,0,AFR054,AFR
3965A5,20.7236,-57.5823,238,40000,485,0,F-SAT6,B77W,F-GZNF,1645826972,ORY,PTP,AF790,0,0,AFR790,AFR
3949EF,22.652,-52.9288,225,39996,466,0,F-SAT7,B772,F-GSPP,1645826980,ORY,FDF,AF872,0,0,AFR872,AFR
3965A3,45.9204,-68.7696,208,36000,409,3567,F-KBGR3,B77W,F-GZND,1645826977,CDG,JFK,AF10,0,0,AFR010,AFR
39C422,23.5652,-55.9259,226,39996,456,0,F-SAT6,B789,F-HRBC,1645826976,CDG,BOG,AF422,0,0,AFR422,AFR
39CF01,51.2442,-72.8746,216,40000,450,726,F-CYRJ1,A359,F-HTYB,1645826977,CDG,DTW,AF378,0,0,AFR378,AFR
3949F4,63.1842,103.5277,122,37000,494,0,F-EST,B772,F-GSPU,1645826980,CDG,NRT,AF276,0,0,AFR276,AFR
3951C2,33.3978,-48.8559,266,32000,446,0,F-SAT2,B77L,F-GUOC,1645826972,CDG,MEX,AF6722,0,0,AFR6722,AFR
394A00,57.5082,86.8309,293,32000,431,136,F-UNTT3,B77W,F-GSQA,1645826978,ICN,CDG,AF193,0,-64,AFR193,AFR
3965B2,13.2986,35.8094,330,34000,508,2000,F-EST,B77W,F-GZNS,1645826972,MRU,CDG,AF473,0,0,AFR473,AFR
39CF08,56.3164,-52.8593,243,39000,440,2000,F-EST,A359,F-HTYI,1645826976,CDG,YUL,AF348,0,0,AFR348,AFR
394A14,3.295,21.059,344,32000,503,0,F-EST,B77W,F-GSQU,1645826972,JNB,CDG,AF995,0,0,AFR995,AFR
3949E9,6.3789,-136.7213,29,38100,493,0,F-EST,B772,F-GSPJ,1645826980,PPT,LAX,AF77,0,0,AFR077,AFR
39C421,56.5953,-34.6058,281,38000,434,0,F-SAT2,B789,F-HRBB,1645826980,CDG,JFK,AF8,0,0,AFR008,AFR
3965A9,54.6874,96.8365,302,32000,428,3012,F-UNKL4,B77W,F-GZNJ,1645826977,PEK,CDG,AF393,0,0,AFR393,AFR
394A0A,40.815,-71.9986,72,29950,625,3027,F-KFRG2,B77W,F-GSQK,1645826978,JFK,CDG,AF23,0,1920,AFR023,AFR
39CF0B,-7.2659,-36.042,28,37000,484,4037,F-SBJU5,A359,F-HTYL,1645826979,GRU,CDG,AF457,0,0,AFR457,AFR
3944EB,60.1926,11.1045,284,0,9,665,F-ENGM9,A319,F-GRHL,1645826970,CDG,OSL,AF1274,1,0,AFR15WC,AFR
394A13,-3.3608,47.5881,329,30000,523,0,F-SAT2,B77W,F-GSQT,1645826972,RUN,ORY,AF671,0,0,AFR671,AFR
3946E4,39.1442,20.1974,126,37000,484,662,F-LGPZ2,A319,F-GRXE,1645826976,CDG,ATH,AF1032,0,0,AFR43SG,AFR
3946E9,58.8711,20.503,55,38975,466,667,F-ESSV5,A319,F-GRXJ,1645826977,CDG,HEL,AF1176,0,0,AFR86HJ,AFR
394A17,38.2985,20.0388,138,33000,515,670,F-LGRX2,B77W,F-GSQX,1645826977,ORY,RUN,AF642,0,0,AFR642,AFR
396447,9.9963,8.835,352,38050,465,5066,F-DNAA1,A332,F-GZCH,1645826977,PNR,CDG,AF807,0,0,AFR807,AFR
392AF2,38.7357,-9.1603,22,850,129,7645,F-LPPT3,A320,F-GKXS,1645826979,CDG,LIS,AF1124,0,-640,AFR53LN,AFR
39CF07,26.7342,64.2698,229,35000,453,564,F-OPGD1,A359,F-HTYH,1645826978,DEL,CDG,AF225,0,64,AFR225,AFR
3944F3,37.0935,-4.9379,191,11200,254,7661,F-LPFR5,A319,F-GRHT,1645826977,CDG,AGP,AF9440,0,-1728,AFR28KX,AFR
392AED,56.7532,13.4372,48,33000,358,672,F-ESTA6,A320,F-GKXN,1645826977,CDG,ARN,AF1462,0,0,AFR38WK,AFR
3991E2,23.7834,-68.7566,351,36000,410,3306,F-EST,A320,F-HEPC,1645826972,PTP,YUL,AF624,0,0,AFR624,AFR
39644A,20.8262,-58.6177,56,37975,481,7132,F-EST,A332,F-GZCK,1645826980,SXM,CDG,AF499,0,-64,AFR499,AFR
392AF5,47.3484,19.432,245,2175,186,1000,T-MLAT1,A320,F-GKXV,1645826978,CDG,BUD,AF1694,0,-1088,AFR83QB,AFR
3946E3,55.7438,12.8313,185,2125,228,7554,F-ESTL1,A319,F-GRXD,1645826978,CDG,CPH,AF1350,0,-1280,AFR85RM,AFR
392AEE,56.0235,-3.0357,346,2925,224,7553,F-EGPH3,A320,F-GKXO,1645826978,CDG,EDI,AF1886,0,-1088,AFR62DN,AFR
39C423,43.3507,17.875,122,37000,526,651,F-LIBD2,B789,F-HRBD,1645826978,CDG,MLE,AF222,0,0,AFR222,AFR
394C13,47.9242,16.548,82,7025,276,1000,F-LZIB3,A321,F-GTAT,1645826979,CDG,VIE,AF1238,0,-1728,AFR51UY,AFR
3991E9,53.2767,-5.548,25,5500,274,7562,F-EGNS2,A320,F-HEPJ,1645826977,CDG,DUB,AF1016,0,-1792,AFR75FA,AFR
39CF09,17.097,69.7158,298,34000,481,642,F-EST,A359,F-HTYJ,1645826976,BLR,CDG,AF191,0,0,AFR191,AFR
3949F9,11.4166,-49.3109,23,35000,477,0,F-SAT6,B772,F-GSPZ,1645826976,CAY,ORY,AF853,0,0,AFR853,AFR
392AF8,52.4513,-1.7365,56,0,6,7557,F-EGBB3,A320,F-GKXY,1645826960,CDG,BHX,AF1564,1,0,AFR71VP,AFR
39C424,46.0938,11.5633,122,33000,542,671,F-LIPH2,B789,F-HRBE,1645826979,CDG,SIN,AF256,0,-64,AFR256,AFR
3991E3,44.481,8.0851,135,32975,499,1000,F-LIML2,A320,F-HEPD,1645826978,CDG,FCO,AF1004,0,128,AFR37AZ,AFR
3949E4,13.7262,-14.6974,345,38000,456,1052,F-GBYD5,B772,F-GSPE,1645826975,CKY,NKC,AF748,0,0,AFR748,AFR
3949F7,-3.7679,11.6183,353,36000,481,2000,F-FCPP2,B772,F-GSPX,1645826972,LAD,CDG,AF929,0,0,AFR929,AFR
394A08,25.755,53.4962,287,34000,406,6206,F-OTBH1,B77W,F-GSQI,1645826976,DXB,CDG,AF655,0,0,AFR655,AFR
392AEF,48.7276,3.8756,116,27725,456,5615,F-EBKT2,A320,F-GKXP,1645826979,CDG,IST,AF1390,0,1280,AFR1390,AFR
39C428,-3.5489,-37.9117,53,16675,385,5163,F-SBFZ7,B789,F-HRBI,1645826978,FOR,CDG,AF419,0,1600,AFR419,AFR
3965A8,37.2855,126.6229,161,9975,291,7107,F-RKSI1,B77W,F-GZNI,1645826977,ICN,PVG,AF112,0,2688,AFR112,AFR
3949EA,12.5858,-7.9221,11,3300,208,1354,F-GABS4,B772,F-GSPK,1645826978,BKO,NKC,AF558,0,2304,AFR558,AFR
3965AB,16.2682,-61.5266,278,0,0,6517,F-TFFR1,B77W,F-GZNL,1645826978,PTP,ORY,AF789,1,0,AFR789,AFR
3965AE,14.589,-61.0178,303,0,6,6406,F-TFFF1,B77W,F-GZNO,1645826978,FDF,ORY,AF841,1,0,AFR841,AFR
3949F8,33.6376,-84.4174,180,0,0,2073,F-KATL3,B772,F-GSPY,1645826978,ATL,CDG,AF681,1,0,AFR681,AFR
485789,40.0856,-86.4588,193,36000,430,762,F-KLAF1,B789,PH-BHO,1645826977,AMS,MEX,KL685,0,0,KLM685,KLM
4851B0,8.3895,-26.343,24,35000,490,0,F-SAT2,B789,PH-BHE,1645826980,EZE,AMS,KL702,0,0,KLM702,KLM
485343,52.8672,-70.1656,216,37975,455,2424,F-CYWK1,B789,PH-BHI,1645826977,AMS,ATL,KL621,0,64,KLM166,KLM
485788,27.4162,63.0038,321,33975,418,102,F-OPGD1,B789,PH-BHP,1645826978,SIN,AMS,KL840,0,-64,KLM840,KLM
484411,51.1838,-65.7435,218,38000,426,2427,F-CYXK1,A332,PH-AOC,1645826979,AMS,YUL,KL671,0,0,KLM671,KLM
484416,59.0884,79.2248,289,36000,441,133,F-UNSS3,B772,PH-BQM,1645826977,ICN,AMS,KL832,0,0,KLM832,KLM
48436E,60.499,-70.9447,236,36000,450,6234,F-CYKG1,B772,PH-BQG,1645826978,AMS,MSP,KL655,0,-64,KLM655,KLM
484561,28.1411,72.9779,297,30000,434,732,F-OPBR1,B77W,PH-BVD,1645826977,BKK,AMS,KL820,0,0,KLM820,KLM
486258,60.2759,5.2241,350,100,138,171,F-ENBR3,E295,PH-NXB,1645826978,AMS,BGO,KL1193,0,-896,KLM33J,KLM
484EE5,60.3181,24.9637,106,0,3,3150,F-EFHK5,B738,PH-HSE,1645826972,AMS,HEL,KL1171,1,0,KLM35E,KLM
485873,58.4079,15.6584,202,0,0,152,F-ESSL1,E75L,PH-EXW,1645826914,AMS,LPI,KL1183,1,0,KLM1183,KLM
485085,44.8174,20.291,303,0,0,4133,F-LYBE3,E190,PH-EXC,1645826976,AMS,BEG,KL1899,1,0,KLM59H,KLM
486257,41.1892,-8.331,211,10025,306,2137,F-LPPR3,E295,PH-NXA,1645826977,AMS,OPO,KL1715,0,-1344,KLM87Y,KLM
48436B,41.192,-10.4787,239,32000,492,2123,F-LPPT6,B772,PH-BQD,1645826977,AMS,SCL,KL703,0,0,KLM703,KLM
485A32,52.24,4.6099,57,1725,172,1000,F-EHRD3,B738,PH-BCG,1645826978,FCO,AMS,KL1608,0,-1792,KLM84A,KLM
485875,62.8247,11.1135,19,19425,302,154,F-ENOL2,E190,PH-EXY,1645826976,AMS,TRD,KL1177,0,-1856,KLM1177,KLM
485A34,45.0403,24.3662,115,22900,445,1000,F-LROP1,B738,PH-BCK,1645826977,AMS,OTP,KL1379,0,-2368,KLM79G,KLM
484558,40.2699,-3.2679,284,6450,259,2126,F-LEMD9,B738,PH-BGA,1645826979,AMS,MAD,KL1707,0,-704,KLM75U,KLM
485A33,42.9158,18.915,147,39000,482,141,F-LIBD2,B738,PH-BCH,1645826978,AMS,ATH,KL1581,0,0,KLM44Q,KLM
484EE4,41.7969,12.2486,250,0,0,1000,F-LIRA4,B738,PH-HSD,1645826976,AMS,FCO,KL1609,1,0,KLM63G,KLM
484133,41.2759,2.0793,19,0,159,2124,F-LEBL4,B738,PH-BXD,1645826979,AMS,BCN,KL1681,0,-896,KLM81J,KLM
485870,57.1999,-2.2019,247,0,0,7341,F-EGPD1,E75L,PH-EXU,1645826911,AMS,ABZ,KL1451,1,0,KLM1451,KLM
484CB9,51.9663,20.9696,88,5300,249,1000,F-EPWA2,B737,PH-BGT,1645826977,AMS,WAW,KL1369,0,-1024,KLM85R,KLM
484556,43.9183,-4.8512,210,37000,460,2144,F-LEXJ6,B738,PH-BXY,1645826978,AMS,LIS,KL1697,0,0,KLM1697,KLM
485814,46.0208,15.4223,134,14450,300,1000,F-LDZA3,E75L,PH-EXT,1645826977,AMS,ZAG,KL1939,0,-1792,KLM1939,KLM
485344,49.2176,-7.5297,237,32300,482,2107,F-EGHE3,B789,PH-BHL,1645826979,AMS,EZE,KL701,0,1024,KLM701,KLM
484165,48.0956,17.4074,107,28250,440,1000,F-LKPO1,B738,PH-BXM,1645826977,AMS,BUD,KL1981,0,-960,KLM1981,KLM
484F71,25.2476,55.3738,300,0,72,4252,T-OMDB7,A333,PH-AKA,1645826979,RUH,DXB,KL419,1,0,KLM419,KLM
48418C,46.1677,14.68,134,35000,488,3133,F-LJLJ2,B739,PH-BXR,1645826979,AMS,TLV,KL461,0,64,KLM461,KLM
484443,9.1273,31.579,339,36000,483,5242,F-SAT2,A332,PH-AOD,1645826976,EBB,AMS,KL535,0,0,KLM536,KLM
484132,45.6449,8.8622,159,11725,335,1000,F-LIPX1,B738,PH-BXC,1645826978,AMS,MXP,KL1637,0,-3008,KLM47N,KLM
48418A,53.6672,-5.6911,227,11575,247,6270,F-EIDW6,B739,PH-BXO,1645826978,AMS,DUB,KL939,0,-1536,KLM25Q,KLM
4850F5,49.8981,15.5909,134,29000,518,140,F-LKPO1,B77W,PH-BVO,1645826977,AMS,BKK,KL843,0,-64,KLM843,KLM
484CBB,18.1424,-63.0112,44,32000,499,6612,F-TNCM5,B77W,PH-BVG,1645826979,CUR,AMS,KL736,0,0,KLM736,KLM
485B42,0.0937,36.5223,336,34000,505,536,F-HKNW3,B78X,PH-BKA,1645826979,DAR,AMS,KL567,0,-64,KLM567,KLM
484CBA,50.3384,14.5826,130,31000,523,150,F-LKMT1,B77W,PH-BVF,1645826978,AMS,SIN,KL839,0,0,KLM839,KLM
48455A,53.428,-2.1208,230,2000,159,7336,F-EGNO2,B738,PH-BGC,1645826978,AMS,MAN,KL1083,0,-960,KLM59W,KLM
4841C3,49.8336,-2.5376,226,30000,482,2113,F-EGOV2,B744,PH-CKA,1645826979,AMS,VCP,MP7551,0,0,MPH7551,KLM
484F06,55.2984,-2.4591,315,18500,347,6272,F-EGNT7,B737,PH-BGM,1645826979,AMS,EDI,KL1293,0,-2816,KLM1293,KLM
485B45,4.5421,35.2326,344,32000,523,501,F-HSSJ2,B78X,PH-BKF,1645826976,NBO,AMS,KL566,0,0,KLM174,KLM
484557,47.9118,6.575,173,34725,555,1000,F-LFLI2,B738,PH-BXZ,1645826977,AMS,GVA,KL1937,0,-1152,KLM53C,KLM
485778,51.4624,-1.6189,280,15150,369,6275,F-EGBE3,E75L,PH-EXR,1645826978,AMS,BRS,KL1057,0,-1984,KLM1057,KLM
484FDE,54.9049,8.1457,41,21875,308,157,F-EDXH1,B738,PH-BCD,1645826978,AMS,BLL,KL1349,0,-1792,KLM39N,KLM
484370,53.6394,7.6601,58,35000,413,3167,F-EDWI4,B772,PH-BQI,1645826978,AMS,ICN,KL855,0,0,KLM855,KLM
4841C5,1.8557,35.9625,344,30000,538,515,F-HKNK2,B744,PH-CKC,1645826979,NBO,AMS,MP8342,0,0,MPH8342,KLM
485345,26.6736,-79.0748,32,27575,456,3743,F-KFXE1,B789,PH-BHM,1645826979,MIA,AMS,KL628,0,1600,KLM628,KLM
485B44,31.18,-94.4075,33,26150,522,2526,F-KPRX1,B78X,PH-BKD,1645826979,IAH,AMS,KL662,0,1536,KLM194,KLM
484371,-26.139,28.2367,15,0,93,7312,F-FAOR4,B772,PH-BQK,1645826976,JNB,AMS,KL592,1,0,KLM592,KLM
484CBC,28.6376,76.2466,289,23225,395,571,F-VIDP8,B77W,PH-BVI,1645826978,DEL,AMS,KL872,0,1856,KLM872,KLM
485341,37.6124,-122.3917,194,0,0,1703,F-KSFO2,B789,PH-BHG,1645826978,SFO,AMS,,1,0,KLM282,KLM
485000,25.2586,55.3472,120,0,7,572,T-OMDB20,B77W,PH-BVK,1645826979,DXB,AMS,KL428,1,0,KLM428,KLM
484410,18.0408,-63.1097,81,0,16,2134,F-TNCM1,A332,PH-AOB,1645826979,SXM,AMS,KL730,1,0,KLM730,KLM
485E2D,33.9413,-118.4143,286,0,1,7674,F-KEMT2,B78X,PH-BKG,1645826971,LAX,AMS,KL602,1,0,KLM602,KLM
C023C7,46.0716,-78.5041,192,38000,476,1364,F-CYBN2,B789,C-FNOG,1645826977,DEL,YYZ,AC49,0,-64,ACA49,ACA
C07C7B,50.1983,-100.8222,279,34000,425,2265,F-CYEN1,BCS3,C-GVDQ,1645826978,YYZ,YQR,AC1115,0,0,ACA1115,ACA
C07C7A,45.4566,-73.7541,118,0,1,1044,F-CYUL4,BCS3,C-GVDP,1645826977,LAX,YUL,AC782,1,0,ACA782,ACA
C01732,59.6648,-103.8195,236,38000,470,0,T-F5M,B77L,C-FIUJ,1645826972,LHR,YVR,AC861,0,0,ACA861,ACA
C02EC1,75.9832,-167.1049,258,37996,458,0,F-SAT6,B789,C-FRSI,1645826972,YYZ,ICN,AC7281,0,0,ACA7281,ACA
C027D1,30.4271,-81.444,1,35000,461,7457,F-KCRG1,B763,C-FPCA,1645826977,LIM,YYZ,AC7254,0,0,ACA7254,ACA
C04FD7,44.4117,-12.7327,116,39000,474,2000,F-LPPR1,A333,C-GEGC,1645826980,YYZ,MAD,AC7230,0,0,ACA7230,ACA
C010A8,76.8759,-119.1682,303,36000,470,0,F-SAT6,B789,C-FGHZ,1645826980,YYZ,ICN,AC7291,0,0,ACA7291,ACA
C030A6,26.4467,-150.5062,235,38000,437,0,F-EST,B38M,C-FSKZ,1645826976,YVR,HNL,AC517,0,0,ACA517,ACA
C01759,75.4499,-111.9122,310,34000,470,0,F-SAT6,B77W,C-FIVW,1645826980,YYZ,ICN,AC7297,0,0,ACA7297,ACA
C05004,40.6916,-74.1653,206,0,107,7036,T-KEWR38,B38M,C-GEHV,1645826976,YVR,EWR,AC548,0,-128,ACA548,ACA
C05EDB,49.4907,-99.0995,271,33975,438,6564,F-KBIS3,BCS3,C-GJXY,1645826976,YUL,YVR,AC305,0,0,ACA305,ACA
C01E28,30.1447,-80.8917,172,34000,473,1076,F-KSSI1,A321,C-FLKX,1645826979,YUL,FLL,AC906,0,0,ACA906,ACA
C0501E,29.4418,-93.8285,143,39000,453,7044,F-KGLS2,B38M,C-GEIV,1645826977,YVR,CUN,AC932,0,0,ACA932,ACA
C01C02,43.562,-79.8357,68,2650,208,7032,F-CYYZ2,A320,C-FKPT,1645826978,YYJ,YYZ,AC1134,0,-128,ACA1134,ACA
C0583F,45.8861,-74.3097,140,10325,358,23,F-CYUL4,A333,C-GHKW,1645826978,YVR,YUL,AC308,0,-704,ACA308,ACA
C03064,24.3626,-107.4974,136,39000,462,7047,F-MMSD4,B38M,C-FSIL,1645826978,YVR,ZIH,AC934,0,0,ACA934,ACA
C05007,49.5312,-116.064,272,38000,430,577,F-KSFF3,B38M,C-GEHY,1645826977,YYZ,YVR,AC113,0,64,ACA113,ACA
C01040,68.8143,-89.6972,331,36000,460,0,T-F5M,B789,C-FGDZ,1645826976,YYZ,ICN,AC61,0,0,ACA061,ACA
C05EDD,30.8157,-66.8586,350,36000,421,2340,T-TXKF2,BCS3,C-GJYA,1645826975,PTP,YUL,AC949,0,0,ACA949,ACA
C06724,43.8695,-78.4381,73,36975,549,610,F-CYSH1,BCS3,C-GNBN,1645826978,DEN,YUL,AC1072,0,-64,ACA1072,ACA
C05EC7,47.7034,-53.7143,88,16325,424,2272,F-CYYT6,BCS3,C-GJXE,1645826978,YYZ,YYT,AC686,0,-1664,ACA686,ACA
C0671B,43.6862,-79.6464,47,0,31,1455,F-CYYZ2,BCS3,C-GNBE,1645826979,DEN,YYZ,AC1038,1,0,ACA1038,ACA
C02E92,34.3298,-95.382,219,29550,345,6354,F-KPRX1,E75S,C-FRQN,1645826979,YYZ,DFW,AC7611,0,-768,JZA7611,ACA
C02FD5,44.2083,-80.2398,137,14875,395,2134,F-CYXU1,B38M,C-FSCY,1645826977,YEG,YYZ,AC168,0,-1984,ACA168,ACA
C07B09,41.5647,-100.5999,236,37900,388,563,F-KEAR1,BCS3,C-GUPK,1645826978,YYZ,DEN,AC1039,0,-512,ACA1039,ACA
C0611F,33.2946,-79.65,219,40000,411,7013,F-KILM2,A333,C-GKUG,1645826977,YUL,FLL,AC902,0,0,ACA902,ACA
C05BD5,51.5987,-103.0451,285,34000,405,2221,F-CYQR3,A321,C-GIUE,1645826979,YYZ,YEG,AC169,0,64,ACA169,ACA
C010E4,49.3105,-94.0877,275,34000,428,1050,F-KPMB1,A320,C-FGKH,1645826978,YUL,YYC,AC325,0,64,ACA325,ACA
C02ECA,40.3065,71.0776,337,34000,481,572,F-UTTT4,B789,C-FRSR,1645826976,DEL,YYZ,AC43,0,-64,ACA43,ACA
C05056,48.8729,-89.1724,103,37000,511,1767,F-CYQT1,B38M,C-GEKZ,1645826978,YYC,YUL,AC326,0,0,ACA326,ACA
C058DD,35.8654,-80.5225,8,37000,520,6703,F-KRUQ2,B788,C-GHQY,1645826977,MBJ,YYZ,AC983,0,0,ACA983,ACA
C04FBB,49.47,-98.8367,93,39000,505,7045,F-KPMB1,A333,C-GEFA,1645826979,YVR,YUL,AC306,0,-64,ACA306,ACA
C05BCF,40.387,-91.7194,69,35000,587,3127,F-KSUS1,A321,C-GITY,1645826979,PHX,YYZ,AC1286,0,0,ACA1286,ACA
C06539,36.0526,-115.4713,110,12325,317,7022,F-KINS2,B38M,C-GMIQ,1645826978,YVR,LAS,AC1060,0,-1408,ACA1060,ACA
C0187A,43.0834,-81.3482,61,25325,539,2726,F-CYXU1,CRJ9,C-FJGZ,1645826977,IAH,YYZ,AC7718,0,-2624,JZA7718,ACA
C0332C,36.8062,-112.7863,156,33000,481,7033,F-KPRC5,B38M,C-FTJV,1645826978,YVR,PHX,AC1054,0,0,ACA1054,ACA
C00B98,33.6444,-84.4223,180,0,0,6004,F-KATL3,E75S,C-FEKD,1645826973,YYZ,ATL,AC7495,1,0,JZA7495,ACA
C05C7A,49.1979,-123.1885,174,0,8,3444,F-CYVR3,CRJ9,C-GJAN,1645826978,YXE,YVR,AC8503,1,0,JZA503,ACA
C01734,29.4423,-74.6827,346,30000,486,0,F-SAT7,B77W,C-FIUL,1645826976,PUJ,YYZ,AC1291,0,0,ACA1291,ACA
C02EB9,53.6018,-82.408,346,35000,450,0,T-F5M,B789,C-FRSA,1645826976,YYZ,NRT,AC7283,0,0,ACA7283,ACA
C04FF7,33.1037,-96.8698,50,37000,569,2665,F-KWDG1,B38M,C-GEHI,1645826978,PVR,YYZ,AC1094,0,0,ACA1094,ACA
C023AA,47.7265,-102.6196,101,37000,491,7050,F-KDIK2,B77L,C-FNND,1645826978,YVR,YYZ,AC184,0,0,ACA184,ACA
C066DD,50.749,-91.5321,103,34975,505,1346,F-CYAC1,BCS3,C-GMYU,1645826979,YEG,YUL,AC334,0,-64,ACA334,ACA
C0797B,34.6426,-72.3691,355,34000,438,5706,F-KMQI1,BCS3,C-GUAC,1645826976,PLS,YUL,AC1253,0,0,ACA1253,ACA
C043B7,39.9771,-106.2121,81,34975,519,3307,F-KHDN3,A320,C-FZQS,1645826979,SFO,YYZ,AC740,0,0,ACA740,ACA
C01754,31.3902,121.7286,162,1700,182,1077,T-F6M,B77W,C-FIVR,1645826979,ICN,PVG,AC7295,0,-64,ACA7295,ACA
C058BF,48.5339,-91.197,282,40000,441,547,F-KDLH1,B788,C-GHPU,1645826978,YYZ,YVR,AC115,0,0,ACA115,ACA
C051E6,29.8912,-83.0152,24,39000,509,6103,F-KTLH1,A333,C-GFAJ,1645826978,CUN,YUL,AC927,0,0,ACA927,ACA
C07966,43.6793,-79.6125,90,0,1,6311,F-CYYZ2,BCS3,C-GTZH,1645826904,YYZ,LGA,AC718,1,0,ACA718,ACA
C03001,27.6502,-96.2794,20,37000,495,3243,F-MMRX4,B38M,C-FSEQ,1645826979,MEX,YYZ,AC990,0,0,ACA990,ACA
C064D8,39.589,-119.7423,348,40000,427,2054,F-KMCC1,B38M,C-GMEX,1645826979,PSP,YVR,AC1047,0,0,ACA1047,ACA
C066F0,51.1061,-114.018,180,0,28,2102,F-CYYC3,BCS3,C-GMZN,1645826978,YYC,YVR,AC217,1,0,ACA217,ACA
C010F6,50.3472,-107.1099,107,33000,463,7075,F-CYYN2,A321,C-FGKZ,1645826978,YLW,YYZ,AC1130,0,0,ACA1130,ACA
C038AC,27.882,47.6058,289,34000,390,514,F-OKBK6,B789,C-FVLZ,1645826977,DXB,YYZ,AC57,0,-64,ACA57,ACA
C07971,45.4593,-73.7495,180,0,0,6535,T-CYUL66,BCS3,C-GTZS,1645826947,YUL,YYZ,AC421,1,0,ACA421,ACA
C038AA,48.7482,-100.2518,112,40975,519,1723,F-CYBR2,B789,C-FVLX,1645826976,YYC,YYZ,AC140,0,0,ACA140,ACA
C03068,44.5951,-122.2238,359,40000,431,3646,F-KCVO1,B38M,C-FSIP,1645826976,SFO,YVR,AC575,0,0,ACA575,ACA
C055F7,49.1939,-123.1855,98,0,9,5354,F-CYVR3,DH8D,C-GGOK,1645826978,YXT,YVR,AC8440,1,0,JZA440,ACA
C05EA2,47.6321,-87.5934,297,32000,423,6326,F-KCMX1,A320,C-GJVT,1645826979,YYZ,YXE,AC1133,0,0,ACA1133,ACA
C05DD8,45.1369,-112.4743,304,37975,457,6545,F-KPIH1,CRJ9,C-GJNZ,1645826976,DEN,YVR,AC8713,0,0,JZA713,ACA
C05EAC,36.962,-80.3195,6,37000,476,3276,F-KTYS1,A321,C-GJWD,1645826978,MCO,YYZ,AC1087,0,64,ACA1087,ACA
C02ED9,36.3813,-108.7825,68,36975,581,6730,F-KBDG2,B789,C-FRTG,1645826976,LAX,YYZ,AC792,0,64,ACA792,ACA
C02FED,38.8147,-121.5684,358,36025,406,1011,F-KRNO3,B38M,C-FSDW,1645826977,LAX,YVR,AC555,0,0,ACA555,ACA
C0103A,34.9227,71.6554,7,34000,494,6732,F-OPMS1,B789,C-FGDT,1645826977,DEL,YUL,AC51,0,0,ACA51,ACA
C035BF,43.6484,-79.7015,46,1025,127,2251,F-CYYZ4,E75S,C-FUJE,1645826978,PHL,YYZ,AC7533,0,-768,JZA7533,ACA
C05EE5,45.2916,-65.9887,280,34000,334,3672,F-KHUL2,BCS3,C-GJYI,1645826978,YHZ,YYZ,AC621,0,0,ACA621,ACA
C00E1F,46.4529,-84.3721,287,1575,146,5503,F-KANJ2,CRJ2,C-FFJA,1645826978,YYZ,YAM,AC8201,0,64,JZA201,ACA
C066FB,43.6814,-79.6173,171,0,0,575,F-CYYZ3,BCS3,C-GMZY,1645826977,YYZ,YUL,AC420,1,0,ACA420,ACA
C05840,45.471,-73.752,42,0,48,2205,F-CYUL4,A333,C-GHKX,1645826978,YYZ,YUL,AC418,1,0,ACA418,ACA
C01BDE,44.5697,-77.5479,240,32000,378,1025,F-KART1,A320,C-FKOJ,1645826978,YUL,YYZ,AC417,0,0,ACA417,ACA
C0197E,46.6273,-71.7965,79,6225,276,6347,F-CYRQ3,CRJ9,C-FJQZ,1645826978,YYZ,YQB,AC8224,0,-2048,JZA224,ACA
C05D08,43.0038,-78.855,309,24625,255,551,F-CYXU1,CRJ9,C-GJFZ,1645826977,RDU,YYZ,AC8837,0,-1024,JZA837,ACA
C01C52,51.6244,-129.263,302,37975,452,31,F-CZSW1,B789,C-FKSV,1645826978,YVR,NRT,AC3,0,0,ACA003,ACA
C058C2,15.4386,-83.0905,7,38000,495,4621,F-SKSP2,B788,C-GHPX,1645826978,SJO,YUL,AC1096,0,-64,ACA1096,ACA
C030FD,27.2234,-76.7805,320,37000,414,7126,F-MYNN4,B38M,C-FSOI,1645826976,PLS,YYZ,AC1251,0,0,ACA1251,ACA
C030EB,45.9071,-121.8436,168,35000,465,7023,F-KHIO3,B38M,C-FSNQ,1645826977,YVR,LAX,AC554,0,0,ACA554,ACA
C042EF,43.6776,-79.6203,135,0,20,4134,F-CYYZ2,CRJ2,C-FZJA,1645826927,DTW,YYZ,AC8820,1,0,JZA820,ACA
C023C9,49.2662,-117.4174,88,36975,505,2646,F-KCOE2,B789,C-FNOI,1645826977,YVR,YYZ,AC116,0,0,ACA116,ACA
C035D4,47.1053,-122.1961,166,33300,466,2677,F-K0S92,CRJ9,C-FUJZ,1645826977,YVR,SAN,AC8766,0,960,JZA766,ACA
C05030,46.0648,-123.3744,178,37000,477,2641,F-KAST1,B38M,C-GEJN,1645826976,YVR,SFO,AC574,0,0,ACA574,ACA
C055EC,47.1094,-80.8831,343,24000,317,4737,F-CYXR2,DH8D,C-GGNZ,1645826978,YYZ,YTS,AC8433,0,0,JZA433,ACA
C010EA,27.9765,-77.5644,337,33825,434,1136,F-MYGF2,A321,C-FGKN,1645826977,NAS,YYZ,AC941,0,256,ACA941,ACA
C0550C,54.149,-112.5753,13,25000,302,4252,F-CYOD2,DH8D,C-GGFJ,1645826978,YYC,YMM,AC8424,0,64,JZA424,ACA
C06123,47.516,-122.3173,181,1075,149,2662,F-KPAE5,DH8D,C-GKUK,1645826977,YVR,SEA,AC8804,0,-896,JZA804,ACA
C058D5,16.4454,-64.5,321,40000,468,3601,F-TNCM1,B788,C-GHQQ,1645826978,BGI,YYZ,AC967,0,-64,ACA967,ACA
C05EA6,45.6413,-82.862,308,32000,395,521,F-KMBS3,A321,C-GJVX,1645826976,YYZ,YYC,AC147,0,0,ACA147,ACA
C05BCB,39.8822,-80.1299,189,34000,386,515,F-KCMH1,A321,C-GITU,1645826976,YYZ,MIA,AC1082,0,0,ACA1082,ACA
C06081,49.0871,-90.8812,109,33000,474,3404,F-CYQT1,A320,C-GKOE,1645826977,YWG,YYZ,AC268,0,-2304,ACA268,ACA
C05EF9,50.0809,-120.3823,91,15675,365,6414,F-CYCW1,DH8D,C-GJZC,1645826977,YVR,YLW,AC8274,0,-1792,JZA274,ACA
C01A52,46.1249,-66.0666,268,38000,363,3621,F-KBGR3,CRJ9,C-FJZD,1645826977,YQY,YUL,AC7949,0,0,JZA7949,ACA
C017ED,33.5526,-96.506,40,35000,509,4011,F-KMWL1,E75S,C-FJBO,1645826977,AUS,YYZ,AC7550,0,0,JZA7550,ACA
C038A3,50.8426,-125.1662,325,29500,472,7043,F-KBLI1,B789,C-FVLQ,1645826978,YVR,PEK,AC2201,0,2048,ACA2201,ACA
C0104F,44.1764,-77.5772,62,26075,564,2224,F-KROC4,B789,C-FGEO,1645826977,YYZ,YOW,AC458,0,1344,ACA458,ACA
C0850C,45.6062,-74.3073,271,11700,274,4276,F-KBTV1,DH8D,C-GYJZ,1645826976,YUL,YOW,QK7,0,0,JZA7,ACA
C055C6,49.8974,-125.1213,225,4400,190,60,F-CYBL2,DH8D,C-GGMN,1645826976,YVR,YQQ,AC8319,0,-1024,JZA319,ACA
C05D56,49.2087,-121.1225,83,30250,453,7012,F-CYYF1,CRJ9,C-GJIZ,1645826978,YVR,YXE,AC8504,0,1152,JZA504,ACA
C05D3C,49.0697,-121.384,87,28425,445,7015,F-KPAE5,CRJ9,C-GJHZ,1645826977,YVR,YWG,AC8538,0,1216,JZA538,ACA
C08268,51.3414,-114.6019,299,18300,238,5263,F-CYYC3,DH8D,C-GXJZ,1645826976,YYC,YQU,AC8405,0,1536,JZA405,ACA
C05F0E,51.4383,-57.6952,138,25000,400,4751,T-F5M,DH8D,C-GJZX,1645826970,YYR,YYT,AC989,0,0,JZA989,ACA
C02E91,41.1985,-74.5325,309,18750,284,1562,F-KJFK2,E75S,C-FRQM,1645826978,EWR,YYZ,AC7479,0,1600,JZA7479,ACA
C05BD2,44.4687,-80.983,312,22850,411,2233,F-CYYZ3,A321,C-GIUB,1645826978,YYZ,YYC,AC151,0,768,ACA151,ACA
C055C1,43.5659,-79.5469,235,7650,259,4775,F-CYPQ1,DH8D,C-GGMI,1645826977,YYZ,YXU,AC8259,0,128,JZA259,ACA
C055D2,48.6507,-123.4333,105,0,132,737,F-CYYJ1,DH8D,C-GGMZ,1645826976,YVR,YYJ,AC8157,0,-768,JZA157,ACA
C04FFF,50.8382,-113.835,188,19075,403,3357,F-CYYC3,B38M,C-GEHQ,1645826976,YYC,LAS,AC1064,0,1728,ACA1064,ACA
C054BD,53.2109,-129.0723,133,25000,346,5301,F-CYXT1,DH8D,C-GGCI,1645826976,YPR,YVR,QK88,0,0,JZA88,ACA
C05488,49.6556,-123.1718,13,15425,283,20,F-CYYJ1,DH8D,C-GGAH,1645826979,YVR,YXJ,AC8367,0,1600,JZA367,ACA
C0174F,43.7708,-79.0381,74,11550,389,2273,F-KIAG1,B77W,C-FIVM,1645826977,YYZ,FRA,AC842,0,2176,ACA842,ACA
C05F0F,49.1762,-123.3165,221,4450,198,7057,F-KPAE5,DH8D,C-GJZY,1645826977,YVR,PDX,AC8654,0,2816,JZA654,ACA
C051E4,43.6717,-79.6233,225,0,0,2262,T-CYTZ44,A333,C-GFAH,1645826970,YYZ,FLL,AC918,1,0,ACA918,ACA
C0307A,10.5995,-85.5336,334,0,0,4622,F-MRLB3,B38M,C-FSJH,1645826976,LIR,YUL,AC1249,1,0,ACA1249,ACA
C03330,40.6273,-74.2162,298,3450,211,2674,F-KFRG1,CRJ9,C-FTJZ,1645826979,EWR,YUL,AC7593,0,2624,JZA7593,ACA
C05C86,33.6801,-112.0882,46,13600,364,1556,F-KPHX3,CRJ9,C-GJAZ,1645826978,PHX,YYC,AC8623,0,2112,JZA623,ACA
C066F4,48.641,-123.4298,227,0,1,0,T-CYYJ6,BCS3,C-GMZR,1645826972,YYJ,YYZ,AC196,1,0,ACA196,ACA
C023B7,22.4113,-86.5406,12,29600,503,6122,F-MMUN3,B77W,C-FNNQ,1645826977,CUN,YYZ,AC931,0,1600,ACA931,ACA
C0160B,43.1324,-81.9272,72,21000,485,2572,F-CYOS1,CRJ2,C-FIJA,1645826978,YQG,YYZ,AC8362,0,0,JZA362,ACA
C067E7,39.0593,-77.5053,359,6750,254,7071,F-KIAD1,CRJ2,C-GNJA,1645826978,IAD,YUL,AC8724,0,4288,JZA724,ACA
C05512,49.1876,-123.186,279,0,140,5342,F-KBLI1,DH8D,C-GGFP,1645826978,YVR,YXS,AC8341,0,2560,JZA341,ACA
C030BB,51.1294,-113.9986,345,0,1,1330,T-CYYC152,B38M,C-FSLU,1645826975,YYC,OGG,AC587,1,0,ACA587,ACA
C02EE9,43.6784,-79.6134,81,0,2,574,F-CYYZ2,B789,C-FRTW,1645826953,YYZ,HNL,AC589,1,0,ACA589,ACA
C008D7,48.1821,-71.1986,181,12225,293,4247,F-CYRJ1,CRJ2,C-FDJA,1645826977,YBG,YUL,AC7913,0,2368,JZA7913,ACA
C0307C,13.736,-60.9503,236,0,0,0,F-TLPL1,B38M,C-FSJJ,1645826970,UVF,YYZ,AC1051,1,0,ACA1051,ACA
3C64F8,44.175,-101.89,204,40000,450,1337,F-KRCA2,A343,D-AIGX,1645826977,FRA,DEN,LH446,0,0,DLH446,DLH
3C6705,34.7146,-83.6685,205,20650,305,741,F-KMGE2,A359,D-AIXE,1645826978,FRA,ATL,LH1594,0,-1728,DLH1594,DLH
3C6708,49.3933,-78.3251,219,38000,456,725,F-CYEY1,A359,D-AIXH,1645826977,MUC,MEX,LH520,0,0,DLH520,DLH
3C670D,49.73,-67.5076,221,40000,422,707,F-CYME1,A359,D-AIXM,1645826978,MUC,YUL,LH474,0,64,DLH1EE,DLH
3C670E,55.172,-75.7123,217,40000,440,0,T-F5M,A359,D-AIXN,1645826972,MUC,ORD,,0,0,DLH2PX,DLH
3C6703,50.5224,-66.3123,222,40000,423,2425,F-CYXK1,A359,D-AIXC,1645826979,MUC,EWR,LH412,0,0,DLH412,DLH
3C670C,49.3271,-65.0039,219,40000,414,2426,F-CTK61,A359,D-AIXL,1645826978,MUC,BOS,LH424,0,0,DLH424,DLH
3C64F7,23.4972,66.3643,318,34000,410,101,F-OPKC3,A343,D-AIGW,1645826978,SIN,FRA,LH779,0,0,DLH779,DLH
3C64C3,61.368,-63.9378,251,38000,430,701,T-F5M,A343,D-AIFC,1645826970,FRA,ORD,LH1592,0,0,DLH1592,DLH
3C64ED,26.7747,64.9314,284,32000,384,6117,F-OPGD1,A343,D-AIGM,1645826978,BKK,FRA,LH773,0,0,DLH773,DLH
3C6710,8.947,15.3262,174,39000,489,616,F-FKKN2,A359,D-AIXP,1645826979,MUC,CPT,LH574,0,0,DLH574,DLH
3C4B21,58.4409,77.0954,116,35000,531,7646,F-UNSS1,B748,D-ABYA,1645826976,FRA,PEK,LH724,0,-64,DLH724,DLH
3C4B2A,53.5381,90.0403,299,34000,444,5020,F-UNAA1,B748,D-ABYJ,1645826978,PVG,FRA,LH729,0,-64,DLH729,DLH
3C4A8B,52.7944,92.1854,300,36000,434,3022,F-UNAA3,B744,D-ABTK,1645826979,PEK,FRA,LH721,0,-64,DLH721,DLH
3C64F5,42.6927,-69.7312,65,35000,575,1606,F-KHIE1,A343,D-AIGU,1645826976,JFK,FRA,LH401,0,0,DLH401,DLH
3C64A6,41.2364,-8.6723,78,0,1,127,F-LPPR6,A21N,D-AIEF,1645826978,FRA,OPO,LH1180,1,0,DLH98F,DLH
3C6498,59.4133,24.8083,270,0,19,3731,T-EETN75,A321,D-AIDX,1645826979,FRA,TLL,LH884,1,0,DLH884,DLH
3C666A,41.4654,-5.5736,241,33025,482,130,F-LEXJ2,A321,D-AISJ,1645826979,FRA,LIS,LH1172,0,0,DLH36J,DLH
3C64A1,40.338,-3.1166,243,6075,249,3704,F-LETO5,A21N,D-AIEA,1645826979,FRA,MAD,LH1120,0,-576,DLH86E,DLH
3C64AA,59.087,17.9233,17,11525,339,1731,F-ESOW6,A21N,D-AIEJ,1645826977,MUC,ARN,LH2420,0,-1536,DLH4HY,DLH
3C65CE,40.7429,-2.2774,278,19050,390,3705,F-LEZG3,A20N,D-AINN,1645826977,MUC,MAD,LH1804,0,-960,DLH29Y,DLH
3C66E6,44.5712,26.0852,354,0,15,1000,F-LROP1,A320,D-AIWF,1645826978,MUC,OTP,LH1654,1,0,DLH2KH,DLH
3C65DA,38.1038,23.4955,149,12600,401,6416,F-LGAT4,A20N,D-AINZ,1645826979,MUC,ATH,LH1756,0,-2688,DLH6MC,DLH
3C65D4,42.5392,-2.534,251,35000,442,613,F-LEDA1,A20N,D-AINT,1645826978,MUC,LIS,LH1780,0,0,DLH22P,DLH
3C65D7,57.8713,11.355,356,38050,370,6456,F-EKAH1,A20N,D-AINW,1645826977,MUC,OSL,LH2456,0,0,DLH7FT,DLH
3C6758,50.0732,19.8,168,0,5,1000,F-EPKK2,A320,D-AIZX,1645826979,FRA,KRK,LH1370,1,0,DLH8XN,DLH
3C675A,55.7818,12.1015,13,37025,376,3741,F-ENSN5,A320,D-AIZZ,1645826977,FRA,GOT,LH820,0,0,DLH8MU,DLH
3C648E,56.2037,15.0767,28,37000,408,3734,F-ESMT6,A321,D-AIDN,1645826978,FRA,ARN,LH808,0,0,DLH1JE,DLH
3C6447,51.7894,-0.1963,313,24450,395,6676,F-EGNS1,A319,D-AIBG,1645826978,MUC,BHX,LH2512,0,-3008,DLH1TC,DLH
3C65CC,51.4675,-0.4675,90,0,13,632,F-EGLL2,A20N,D-AINL,1645826979,FRA,LHR,LH922,1,0,DLH4UY,DLH
3C4DC7,54.0233,18.1858,62,8200,319,1000,F-EPGD1,CRJ9,D-ACNG,1645826979,FRA,GDN,LH1378,0,-960,DLH3KC,DLH
3C65CD,51.3681,3.3704,283,36000,415,6667,F-EGKK2,A20N,D-AINM,1645826978,MUC,LHR,LH2486,0,64,DLH2CN,DLH
3C4B28,42.3482,8.0135,203,33000,477,633,F-LFTH1,B748,D-ABYH,1645826978,FRA,JNB,LH572,0,-64,DLH572,DLH
3C5465,55.3276,9.4623,3,9775,260,3737,F-EDXW2,E190,D-AECE,1645826978,FRA,BLL,LH842,0,-1536,DLH5YX,DLH
3C66E9,50.0062,19.8233,81,6175,277,1000,F-EPKK7,A320,D-AIWI,1645826978,MUC,KRK,LH1624,0,-1024,DLH8RW,DLH
3C66AA,45.5669,17.3177,121,39000,498,7645,F-LJLJ3,A320,D-AIUJ,1645826977,FRA,BEY,LH1308,0,0,DLH1308,DLH
3C6741,50.8251,7.2092,316,700,114,4155,T-EDDK158,A320,D-AIZA,1645826978,MUC,CGN,LH1992,0,-640,DLH9YE,DLH
3C66B0,52.8022,-1.0377,303,20450,344,621,F-EGNX3,A320,D-AIUP,1645826979,FRA,MAN,LH948,0,-2240,DLH1VU,DLH
3C65C5,53.7922,15.2138,50,39025,444,3730,F-EPWR5,A20N,D-AINE,1645826979,FRA,HEL,LH854,0,0,DLH2MT,DLH
3C6449,51.4198,12.2099,106,0,14,1000,F-EDDP1,A319,D-AIBI,1645826978,FRA,LEJ,LH164,1,0,DLH8HV,DLH
3C4DD5,52.1317,7.6937,196,0,2,612,F-EDDG1,CRJ9,D-ACNU,1645826898,MUC,FMO,LH2142,1,0,DLH5RL,DLH
3C65C1,47.7746,14.6076,120,39000,486,7704,F-LJLJ4,A20N,D-AINA,1645826979,FRA,BEG,LH1410,0,0,DLH4TJ,DLH
3C64F9,47.9316,14.8197,108,33000,491,7644,F-LKPR8,A343,D-AIGY,1645826978,FRA,BKK,LH772,0,0,DLH772,DLH
3C4B2D,47.7403,-0.0866,234,31000,512,4113,F-LFRI1,B748,D-ABYM,1645826977,FRA,EZE,LH510,0,64,DLH510,DLH
3C666E,52.9188,13.498,48,37050,424,6433,F-EDDP2,A321,D-AISN,1645826979,FRA,LED,LH1436,0,0,DLH1436,DLH
3C64EF,44.7647,8.6907,179,31000,503,2507,F-LIPU3,A343,D-AIGO,1645826979,FRA,CPT,LH576,0,64,DLH576,DLH
3C65D6,46.4685,20.5324,112,36975,488,4356,F-LRCL2,A20N,D-AINV,1645826979,MUC,TBS,LH2558,0,0,DLH2558,DLH
3C4AD5,48.6327,2.1532,237,31000,514,133,F-LFBL2,B744,D-ABVU,1645826978,FRA,GIG,LH500,0,0,DLH500,DLH
3C6541,54.5606,9.357,357,37000,355,3735,F-EDHN1,A20N,D-AIJA,1645826976,FRA,OSL,LH864,0,0,DLH5TP,DLH
3C66E5,47.2965,19.4863,341,3250,206,1000,F-LHBP4,A320,D-AIWE,1645826978,MUC,BUD,LH1682,0,-640,DLH7KX,DLH
3C4B32,48.9521,3.0379,238,31000,525,4126,F-LFPB2,B748,D-ABYR,1645826977,FRA,GRU,LH506,0,0,DLH506,DLH
3C65C7,46.3641,5.973,226,17600,370,1000,F-LFHS1,A20N,D-AING,1645826979,FRA,LYS,LH1082,0,-1088,DLH53W,DLH
3C656B,29.2226,47.9735,334,0,17,3112,F-OKBK6,A333,D-AIKK,1645826979,DMM,KWI,LH625,1,0,DLH625,DLH
3C6583,50.581,6.2342,288,38025,395,617,F-EDLN1,A319,D-AILC,1645826979,MUC,MAN,LH2506,0,0,DLH7HC,DLH
3C4B34,-31.766,-53.4475,48,31000,561,3761,F-SBSM3,B748,D-ABYT,1645826976,EZE,FRA,LH511,0,-64,DLH511,DLH
3C6743,45.7737,15.3823,130,35000,476,4354,F-LJLJ5,A320,D-AIZC,1645826977,MUC,TLV,LH682,0,0,DLH682,DLH
3C658B,52.8217,10.5344,24,39025,412,3736,F-ESMS1,A319,D-AILK,1645826979,FRA,CPH,LH832,0,0,DLH3PN,DLH
3C6704,48.3345,11.6608,263,4450,204,4350,F-EDMO2,A359,D-AIXD,1645826979,MUC,DXB,LH638,0,2432,DLH638,DLH
3C64EE,20.7328,69.4165,310,28000,411,356,F-VASU1,A343,D-AIGN,1645826975,BOM,FRA,LH757,0,64,DLH757,DLH
3C64F0,42.4416,-70.9576,55,2975,225,3577,F-KBOS2,A343,D-AIGP,1645826977,BOS,FRA,LH423,0,1856,DLH423,DLH
3C670A,49.0914,-123.3308,124,7550,282,7026,F-CYVR2,A359,D-AIXJ,1645826978,YVR,FRA,LH493,0,2240,DLH493,DLH
3C4B2B,-23.2461,-46.1785,25,8750,314,4274,F-SDPW4,B748,D-ABYK,1645826978,GRU,FRA,LH507,0,2624,DLH507,DLH
3C4B29,25.788,-80.3145,253,0,13,5713,T-KMIA28,B748,D-ABYI,1645826978,MIA,FRA,LH463,1,0,DLH463,DLH
3C4ACD,25.2577,55.3507,120,0,20,513,F-OMDB1,B744,D-ABVM,1645826962,DXB,FRA,LH631,1,0,DLH631,DLH
39CF06,49.0619,-74.3807,213,40000,455,761,F-CYRJ1,A359,F-HTYG,1645821097,CDG,YYZ,AF356,0,0,AFR356,AFR
39644C,13.526,3.7233,199,40000,440,7665,F-EST,A332,F-GZCM,1645821100,CDG,LFW,AF860,0,0,AFR860,AFR
3965B3,16.6406,-17.3235,170,36000,500,1317,F-GOOY5,B77W,F-GZNT,1645821097,CDG,DSS,AF718,0,0,AFR718,AFR
3986E5,54.919,8.4169,36,17200,341,652,F-EDWI4,E170,F-HBXF,1645821099,CDG,BLL,AF1764,0,-1408,AFR32AA,AFR
3944E5,33.0455,-7.5002,33,3950,229,7630,F-GMMB1,A319,F-GRHF,1645821097,CDG,CMN,AF1496,0,0,AFR97FA,AFR
3965AF,36.468,25.8131,137,37000,533,474,F-LTBJ1,B77W,F-GZNP,1645821096,CDG,CAI,AF570,0,0,AFR570,AFR
3991E1,17.6098,-64.5182,113,38975,470,6664,F-TJFA1,A320,F-HEPB,1645821097,MIA,PTP,AF617,0,-64,AFR617,AFR
3946EC,47.4572,0.5345,26,30000,407,4361,F-LFPB2,A319,F-GRXM,1645821096,CMN,CDG,AF1197,0,0,AFR44BF,AFR
3985A5,43.6596,7.2072,281,0,0,1000,F-LFMN3,A320,F-HBNF,1645821069,ORY,NCE,AF6238,1,0,AFR13VA,AFR
392AF9,46.9469,4.4062,117,26675,458,1000,F-LFLA2,A320,F-GKXZ,1645821097,CDG,GVA,AF1242,0,-576,AFR31GA,AFR
3946E5,47.7673,4.2038,338,27275,320,1000,F-LFLD1,A319,F-GRXF,1645821098,TUN,CDG,AF1285,0,-960,AFR1285,AFR
39B166,48.5419,7.6291,326,0,15,1000,F-LFST1,CRJX,F-HMLG,1645821062,LYS,SXB,AF1688,1,0,AFR85XQ,AFR
3965B0,49.0006,2.7109,265,1300,152,1012,F-LFPG1,B77W,F-GZNQ,1645821097,ALG,CDG,AF4145,0,-768,AFR4145,AFR
392AF4,52.3337,20.0021,95,18350,374,1000,F-EPMO3,A320,F-GKXU,1645821099,CDG,WAW,AF1246,0,-1536,AFR86QR,AFR
3944F8,47.7248,0.6872,28,30000,396,4357,F-LFBK1,A319,F-GRHY,1645821099,MAD,CDG,AF1101,0,0,AFR31LH,AFR
3991EA,50.8593,1.3113,316,36000,400,664,F-EGMC3,A320,F-HEPK,1645821099,CDG,MAN,AF1268,0,64,AFR81ZW,AFR
394C10,48.7501,2.7799,307,4075,203,1000,F-LFPC1,A321,F-GTAQ,1645821098,TLS,ORY,AF6155,0,-1408,AFR45UK,AFR
3946E1,48.7739,2.6753,270,3475,172,1000,F-LFPG1,A319,F-GRXB,1645821096,MRS,ORY,AF6029,0,192,AFR59CL,AFR
3986EE,46.3205,13.8913,128,14975,300,1000,T-MLAT1,E170,F-HBXO,1645821096,CDG,LJU,AF1186,0,-2752,AFR35CQ,AFR
39B167,43.47,-1.5323,334,0,6,1000,F-LFBZ2,CRJX,F-HMLH,1645821096,LYS,BIQ,AF1592,1,0,AFR57UH,AFR
3950CA,43.3075,5.323,344,2600,147,1000,F-LFML1,A318,F-GUGK,1645821098,ORY,MRS,AF6030,0,-896,AFR44CP,AFR
392AE6,47.4789,3.8922,327,32050,389,1000,F-LFMH1,A320,F-GKXG,1645821098,NCE,ORY,AF6239,0,-832,AFR53GQ,AFR
398566,50.0202,5.8887,225,36000,438,1000,F-EDDK2,E190,F-HBLG,1645821097,BER,CDG,AF1535,0,0,AFR26FN,AFR
3950D0,49.008,2.8548,265,3100,189,1000,F-LFPG1,A318,F-GUGQ,1645821096,GVA,CDG,AF1043,0,-1088,AFR86PX,AFR
39E682,45.0658,1.0037,349,36000,396,1057,F-LFBL2,BCS3,F-HZUC,1645821096,BCN,CDG,AF1049,0,-64,AFR86UN,AFR
39856D,48.4515,3.2021,342,32000,378,1000,F-LFPC1,E190,F-HBLN,1645821098,MRS,LIL,AF1371,0,0,AFR98XL,AFR
3985A7,48.1093,1.5441,27,17900,346,1000,F-LFLD1,A320,F-HBNH,1645821096,PUF,ORY,AF7463,0,-960,AFR79CF,AFR
394C14,49.0074,2.5562,84,0,15,1000,F-LFPB2,A321,F-GTAU,1645821096,AMS,CDG,AF1441,1,0,AFR83UG,AFR
3985A0,46.9084,-1.7203,307,3375,264,1000,F-LFBN1,A320,F-HBNA,1645821096,LYS,NTE,AF1488,0,-1856,AFR39LB,AFR
3950CB,43.1297,3.041,173,10450,344,1000,F-LFMT2,A318,F-GUGL,1645821099,ORY,PGF,AF7470,0,-1408,AFR16JP,AFR
3986ED,47.5475,-1.6128,301,32925,418,1000,F-LFRH2,E170,F-HBXN,1645821096,LYS,BES,AF1612,0,-960,AFR13NB,AFR
398565,47.3672,8.8652,33,5600,214,1000,F-LSZH6,E190,F-HBLF,1645821099,CDG,ZRH,AF1414,0,-256,AFR41YZ,AFR
3944F2,47.2091,4.7871,332,31825,352,1000,F-ETIE1,A319,F-GRHS,1645821096,NCE,CDG,AF7715,0,-896,AFR85KN,AFR
398560,47.5107,-0.8733,321,16150,351,1000,F-EGJJ2,E190,F-HBLA,1645821098,LYS,RNS,AF1684,0,-2496,AFR55AE,AFR
3991E6,47.9114,1.0614,16,25600,362,1000,F-LFBK1,A320,F-HEPG,1645821099,TLS,CDG,AF7527,0,-1024,AFR36AX,AFR
398569,48.4248,0.599,236,31000,481,1000,F-LFOE1,E190,F-HBLJ,1645821098,AMS,NTE,AF1893,0,0,AFR86AN,AFR
393321,43.9651,1.6932,186,12250,389,1000,F-LFBO5,A321,F-GMZB,1645821099,ORY,TLS,AF6148,0,-2112,AFR16XU,AFR
3985AB,44.9195,-0.1382,239,13575,289,1000,F-LFBP1,A320,F-HBNL,1645821097,LYS,BOD,AF1514,0,-1856,AFR57GR,AFR
398568,45.446,0.1161,211,37000,464,7644,F-LFBU1,E190,F-HBLI,1645821099,CDG,BIO,AF1376,0,128,AFR71SW,AFR
3946E0,45.7861,0.7323,210,36950,450,7646,F-LFMK2,A319,F-GRXA,1645821097,CDG,MAD,AF1400,0,0,AFR48ZP,AFR
398570,51.517,0.6224,328,34000,393,656,F-EGMH1,E190,F-HBLQ,1645821097,CDG,NCL,AF1558,0,-64,AFR44YQ,AFR
392AF1,49.546,5.8571,75,38975,428,1000,F-LFSD1,A320,F-GKXR,1645821098,CDG,MUC,AF1122,0,-64,AFR39UJ,AFR
3986E4,44.5517,2.415,232,29000,471,1000,F-LFSL1,E170,F-HBXE,1645821099,LYS,PUF,AF1634,0,64,AFR67SV,AFR
39B165,43.4646,5.1798,175,8425,308,1000,F-LFMT2,CRJX,F-HMLF,1645821099,LYS,MRS,AF1544,0,-1664,AFR86RM,AFR
3986E2,49.3217,4.6959,36,33000,360,1000,F-EBBR3,E170,F-HBXC,1645821096,CDG,HAJ,AF1438,0,0,AFR34LT,AFR
392AEC,49.2892,4.4985,49,33975,366,1000,F-EBBR2,A320,F-GKXM,1645821099,CDG,BER,AF1134,0,128,AFR89RR,AFR
3950C9,47.6426,3.0567,157,34700,480,7654,F-LFMH1,A318,F-GUGJ,1645821097,CDG,FLR,AF1266,0,1408,AFR51EG,AFR
39B169,50.1585,3.4896,208,33375,500,1000,F-LFPT2,CRJX,F-HMLJ,1645821097,AMS,MRS,AF1875,0,1088,AFR89HQ,AFR
394C19,46.8576,0.3526,21,29950,412,1000,F-LFBL3,A321,F-GTAZ,1645821098,BOD,CDG,AF7633,0,0,AFR91MC,AFR
393320,45.4143,1.1714,357,32000,377,1000,F-LFCI3,A321,F-GMZA,1645821096,TLS,ORY,AF6149,0,-64,AFR91HE,AFR
3991E8,50.1065,1.6141,323,26025,361,654,F-LFPC1,A320,F-HEPI,1645821098,CDG,LHR,AF1380,0,0,AFR91GR,AFR
398562,46.0464,0.5607,209,37000,356,1000,T-MLAT1,E190,F-HBLC,1645821096,CDG,BIQ,AF7656,0,0,AFR53MH,AFR
3986E3,46.5407,4.5871,104,37000,466,1000,T-MLAT1,E170,F-HBXD,1645821094,CDG,TRN,AF1502,0,-64,AFR47BL,AFR
39B168,45.0815,0.2324,337,30000,445,1000,F-LFBL2,CRJX,F-HMLI,1645821097,TLS,RNS,AF1199,0,64,AFR47TC,AFR
394C0C,49.1569,4.0551,73,27300,303,1000,F-LFSR2,A321,F-GTAM,1645821098,CDG,PRG,AF1582,0,1536,AFR63GC,AFR
3986E6,49.4219,5.1375,72,23000,362,1000,T-MLAT1,E170,F-HBXG,1645821096,CDG,FRA,AF1018,0,0,AFR16BR,AFR
398563,47.2895,2.6569,161,25000,408,1000,T-MLAT1,E190,F-HBLD,1645821094,CDG,CFE,AF7758,0,0,AFR94XM,AFR
39856A,44.9565,-0.5209,52,9525,257,1000,F-LFBP1,E190,F-HBLK,1645821097,BOD,MRS,AF1283,0,4224,AFR43RF,AFR
3946EB,49.1977,2.458,17,11650,281,666,F-LFPC1,A319,F-GRXL,1645821098,CDG,HAM,AF1610,0,2880,AFR23KH,AFR
39644E,5.6138,-0.1658,22,0,13,3141,F-DGAA5,A332,F-GZCO,1645821099,ACC,OUA,AF586,1,0,AFR586,AFR
4850F6,2.5112,-77.0818,205,37000,482,1413,F-SKPE2,B77W,PH-BVN,1645821098,AMS,UIO,KL755,0,0,KLM755,KLM
4850E6,53.3893,-112.5368,189,38000,499,4230,F-CYQF3,A333,PH-AKF,1645821097,AMS,YYC,KL677,0,64,KLM677,KLM
485785,-15.5578,-41.9997,198,37975,504,2571,F-SBMK3,B789,PH-BHN,1645821097,AMS,GIG,KL705,0,0,KLM705,KLM
486491,24.7275,-17.8134,32,41000,522,5033,F-GCHI2,E295,PH-NXH,1645821097,REC,TFS,,0,0,KLM9968,KLM
48418D,52.2075,4.558,35,1525,180,3517,F-EHRD5,B739,PH-BXS,1645821099,ARN,AMS,KL1118,0,0,KLM1118,KLM
484F18,49.5947,2.2899,27,38000,386,5532,F-LFPC1,B738,PH-BCB,1645821098,BCN,AMS,KL1676,0,0,KLM76T,KLM
485871,52.2619,4.9968,234,3725,258,1000,F-EHEH2,E190,PH-EXV,1645821098,MUC,AMS,KL1800,0,-768,KLM98E,KLM
48455D,46.3454,0.1155,29,39600,398,2317,F-LFRH1,B737,PH-BGF,1645821098,MAD,AMS,KL1706,0,-896,KLM1706,KLM
484163,52.6048,11.9837,88,19675,358,1000,F-EDDE1,B738,PH-BXK,1645821097,AMS,BER,KL1835,0,-896,KLM51T,KLM
485065,48.5795,9.095,150,39000,505,3164,F-EDJA2,E190,PH-EZZ,1645821097,AMS,VCE,KL1659,0,0,KLM39S,KLM
484F7D,47.8939,2.2335,193,39000,484,2130,F-LFRI1,E190,PH-EZU,1645821097,AMS,VLC,KL1501,0,-384,KLM1501,KLM
484559,51.6529,0.4781,234,9600,290,6276,F-EGSC2,B738,PH-BGB,1645821097,AMS,LHR,KL1033,0,-1856,KLM63V,KLM
484F7E,48.5384,2.6497,188,35000,500,1000,F-LFSR3,E190,PH-EZV,1645821099,AMS,TLS,KL1309,0,0,KLM1309,KLM
485064,48.8367,2.496,198,39000,484,2121,F-LFPC1,E190,PH-EZY,1645821098,AMS,BIO,KL1689,0,64,KLM13L,KLM
4841A6,52.31,4.773,329,0,0,1000,F-EHAM1,B739,PH-BXT,1645821027,AMS,LYS,KL1419,1,0,KLM37A,KLM
484B30,52.7321,8.8648,78,37000,428,1000,F-EDHI2,E190,PH-EZC,1645821098,AMS,GDN,KL1923,0,64,KLM23D,KLM
484131,53.2579,5.9795,43,33675,362,3131,F-EDHI2,B738,PH-BXB,1645821098,AMS,ARN,KL1121,0,1536,KLM17C,KLM
484ACB,49.3873,6.5346,163,35000,515,1000,F-EDKA1,E190,PH-EZA,1645821099,AMS,NCE,KL1263,0,-64,KLM83H,KLM
485779,50.8452,7.9187,131,37000,465,3136,F-EDLW1,E75L,PH-EXS,1645821099,AMS,NUE,KL1891,0,64,KLM67S,KLM
4852F5,49.3838,2.8399,207,35000,504,1000,F-EBBR3,E75L,PH-EXH,1645821097,AMS,BOD,KL1319,0,-64,KLM55X,KLM
4844C6,51.2573,3.6561,1,22000,326,1000,F-EDDL2,B738,PH-BXV,1645821097,CDG,AMS,KL1246,0,0,KLM26P,KLM
4855D0,52.8879,7.613,84,26075,330,1000,F-EDWG1,E75L,PH-EXN,1645821098,AMS,BRE,KL1761,0,-2432,KLM90C,KLM
484164,51.0425,7.3021,135,37000,513,1000,F-EHWO4,B738,PH-BXL,1645821098,AMS,MUC,KL1801,0,64,KLM45D,KLM
486484,51.6687,6.4101,130,31200,477,1000,F-EHKD2,E295,PH-NXG,1645821097,AMS,PRG,KL1359,0,1664,KLM73W,KLM
485876,53.029,5.4092,36,23550,345,3172,F-EHWO1,E75L,PH-EXZ,1645821098,AMS,GOT,KL1163,0,1600,KLM43Z,KLM
484B91,52.7485,5.6821,70,27125,384,153,F-EHKD2,B737,PH-BGK,1645821097,AMS,HAM,KL1789,0,1792,KLM99X,KLM
4855D1,51.2935,5.4411,159,26900,481,1000,F-EDDK2,E75L,PH-EXO,1645821097,AMS,TRN,KL1559,0,1600,KLM97K,KLM
48415E,52.8953,4.989,19,18900,339,3152,F-EHRD1,B738,PH-BXE,1645821096,AMS,OSL,KL1151,0,2688,KLM1151,KLM
485086,51.7608,5.9672,140,27300,466,1000,F-EHWO1,E190,PH-EXD,1645821098,AMS,FLR,KL1647,0,1472,KLM57V,KLM
484966,52.0177,5.7301,129,21450,487,1000,F-EHWO1,B737,PH-BGG,1645821098,AMS,VIE,KL1849,0,1984,KLM25F,KLM
485084,52.1754,6.0229,102,23400,423,1000,F-EHWO1,E190,PH-EXB,1645821098,AMS,KRK,KL1999,0,2304,KLM1999,KLM
4855D2,52.4367,4.7195,7,3850,229,163,F-EHAM1,E75L,PH-EXP,1645821097,AMS,KRS,KL1211,0,1600,KLM30Y,KLM
48548C,52.424,4.9219,90,8325,283,1000,F-EHWO1,E75L,PH-EXK,1645821098,AMS,HAJ,KL1915,0,3776,KLM31K,KLM
484B31,52.3901,4.7882,45,4600,250,1000,F-EHWO1,E190,PH-EZD,1645821098,AMS,FRA,KL1775,0,4096,KLM1775,KLM
485206,52.3002,4.7397,222,0,24,6261,F-EHAM3,E190,PH-EXE,1645821096,AMS,ORK,KL1089,1,0,KLM1089,KLM
484130,52.3065,4.7743,216,0,17,7335,F-EHAM1,B738,PH-BXA,1645821045,AMS,BHX,KL1435,1,0,KLM77M,KLM
48507F,52.3021,4.739,216,0,9,1000,F-EHAM1,E190,PH-EXA,1645821098,AMS,LIN,KL1627,1,0,KLM1627,KLM
484B8F,52.3081,4.7746,146,0,10,7347,T-EHAM462,B737,PH-BGH,1645821099,AMS,GLA,KL1481,1,0,KLM49J,KLM
4852F4,52.303,4.7652,216,0,10,1000,T-EHAM626,E75L,PH-EXG,1645821096,AMS,BSL,KL1991,1,0,KLM89F,KLM
486483,52.3106,4.7739,241,0,3,0,F-EHAM1,E295,PH-NXF,1645821096,AMS,ZRH,KL1969,1,0,KLM71Q,KLM
C023C5,37.3347,72.5772,155,37000,486,2656,F-EST,B789,C-FNOE,1645821096,YVR,DEL,AC44,0,0,ACA44,ACA
C02CF1,43.6834,-79.6241,137,0,13,3416,F-CYYZ3,B77W,C-FRAM,1645821103,ICN,YYZ,AC7290,1,0,ACA7290,ACA
C0307A,10.5983,-85.5348,25,0,0,613,F-MRLB3,B38M,C-FSJH,1645821098,YUL,LIR,AC1248,1,0,ACA1248,ACA
C023BB,49.3516,-122.4352,229,10400,383,6350,F-CYVR2,B77W,C-FNNU,1645821103,YYZ,YVR,AC105,0,-2496,ACA105,ACA
C023C8,49.4688,-121.371,277,28775,434,2273,F-KRNT2,B789,C-FNOH,1645821103,YYZ,YVR,AC107,0,-1088,ACA107,ACA
C066F4,48.1415,-115.1307,275,36000,441,6037,F-KCOE1,BCS3,C-GMZR,1645821102,YYZ,YYJ,AC197,0,0,ACA197,ACA
C03003,39.3298,-109.5009,229,36000,413,512,F-KTEX4,B38M,C-FSES,1645821101,YYZ,PSP,AC1263,0,-64,ACA1263,ACA
C0307C,18.2623,-62.7448,163,37000,488,6311,F-TQPF1,B38M,C-FSJJ,1645821102,YYZ,UVF,AC1050,0,-64,ACA1050,ACA
C017ED,30.0903,-97.6755,357,1925,160,516,F-KERV1,E75S,C-FJBO,1645821102,YYZ,AUS,AC7549,0,-768,JZA7549,ACA
C05054,48.2617,-85.6819,106,35000,520,24,F-CYSP1,B38M,C-GEKX,1645821103,YVR,YOW,AC342,0,0,ACA342,ACA
C010EC,49.5656,-108.126,267,34000,452,503,F-CYQL3,A321,C-FGKP,1645821101,YYZ,YYC,AC139,0,0,ACA139,ACA
C0192E,45.4025,-76.2978,120,5775,267,1344,F-CYOW2,A321,C-FJNX,1645821101,YYC,YOW,AC352,0,-1408,ACA352,ACA
C01049,48.267,-86.8433,102,41000,560,21,F-KCMX1,B789,C-FGEI,1645821101,YVR,YUL,AC304,0,-64,ACA304,ACA
C0173A,44.338,-87.3413,109,35000,561,7034,F-KSBM1,B77W,C-FIUR,1645821101,YVR,YYZ,AC104,0,0,ACA104,ACA
C07973,44.3326,-86.5237,117,35000,514,1103,F-KOSH1,BCS3,C-GTZU,1645821102,YQR,YYZ,AC1114,0,0,ACA1114,ACA
C0293E,28.4333,-81.2959,179,0,147,576,F-KMCO1,B789,C-FPQB,1645821103,YYZ,MCO,AC1088,0,-512,ACA1088,ACA
C05C86,35.4849,-112.4493,173,29000,417,2133,F-KSGU2,CRJ9,C-GJAZ,1645821102,YYC,PHX,AC8622,0,128,JZA622,ACA
C066FB,44.0384,-78.8125,238,18350,320,6246,F-CYYZ4,BCS3,C-GMZY,1645821103,YUL,YYZ,AC415,0,-1536,ACA415,ACA
C01A5A,42.6915,-86.0248,255,22100,330,6566,F-KGRR1,CRJ9,C-FJZL,1645821102,YUL,ORD,AC7541,0,-1536,JZA7541,ACA
C05EDF,43.6818,-79.592,50,1300,139,2222,F-CYTZ2,BCS3,C-GJYC,1645821102,YYZ,YOW,AC454,0,2048,ACA454,ACA
C0850C,45.4574,-73.7455,261,0,0,3656,F-CYUL4,DH8D,C-GYJZ,1645821101,ZBF,YUL,AC8513,1,0,JZA513,ACA
C066F0,51.0718,-114.0215,359,4000,152,2615,F-CYYC1,BCS3,C-GMZN,1645821101,YVR,YYC,AC210,0,-896,ACA210,ACA
C01A52,46.0782,-60.7505,96,8325,286,6203,F-CYQY3,CRJ9,C-FJZD,1645821102,YUL,YQY,AC7948,0,-1536,JZA7948,ACA
C00B7C,43.4954,-79.7407,310,2675,226,2076,F-CYTZ2,E75S,C-FEJB,1645821102,ATL,YYZ,AC7492,0,-256,JZA7492,ACA
C067E7,41.6101,-77.4562,210,28000,338,612,F-CYPQ1,CRJ2,C-GNJA,1645821102,YUL,IAD,AC8723,0,64,JZA723,ACA
C05F0C,41.4307,-120.8444,203,37000,489,2171,F-KSJC3,CRJ9,C-GJZV,1645821101,YYC,SFO,AC8647,0,128,JZA647,ACA
C0584F,37.0977,-76.6542,35,37000,568,2603,F-KFAF1,A333,C-GHLM,1645821103,FLL,YUL,AC903,0,0,ACA903,ACA
C0440E,48.7079,-90.1889,115,35000,506,1165,F-KCMX1,A320,C-FZUB,1645821101,YXE,YYZ,AC1132,0,0,ACA1132,ACA
C01624,47.4931,-70.3607,242,36000,381,6770,F-CYBC2,CRJ9,C-FIJZ,1645821102,YDF,YYZ,AC7523,0,0,JZA7523,ACA
C00BA7,44.9716,-74.8434,99,14300,321,6511,F-CYUL4,E75S,C-FEKS,1645821102,ORD,YUL,AC7542,0,-1792,JZA7542,ACA
C054A0,49.195,-123.1862,104,0,0,52,F-CYVR3,DH8D,C-GGBF,1645821042,YZP,YVR,AC8400,1,0,JZA400,ACA
C054E3,43.7037,-78.561,264,10300,284,1020,F-CYYZ4,DH8D,C-GGDU,1645821102,YUL,YTZ,QK7964,0,-1344,JZA7964,ACA
C03330,42.0697,-74.1057,198,12775,261,636,F-KSWF2,CRJ9,C-FTJZ,1645821103,YUL,EWR,AC7590,0,-1472,JZA7590,ACA
C055EB,44.6927,-63.5885,289,5300,223,6744,F-CYHZ1,DH8D,C-GGNY,1645821103,YDF,YHZ,AC23,0,-1344,JZA023,ACA
C06A8B,43.7964,-74.3488,195,30000,409,603,F-CZBM2,CRJ2,C-GOJA,1645821102,YUL,PHL,AC8859,0,64,JZA859,ACA
C05ACC,45.5789,-69.325,88,25000,433,6502,F-KHUL2,DH8D,C-GIJZ,1645821100,YUL,YQM,AC7994,0,64,JZA7994,ACA
C042EF,42.2287,-83.3485,65,637,7,564,T-F5M,CRJ2,C-FZJA,1645821023,YYZ,DTW,AC8819,0,0,JZA819,ACA
C052E0,48.3956,-84.5414,106,39000,530,7105,F-KCMX1,CRJ9,C-GFJZ,1645821102,YWG,YUL,AC8598,0,0,JZA598,ACA
C05EFC,50.6212,-115.0781,70,17100,355,7003,F-CYSD1,DH8D,C-GJZF,1645821100,YYJ,YYC,AC8490,0,-1344,JZA490,ACA
C05044,49.5824,-122.1482,215,14675,393,1315,F-KBLI1,B38M,C-GEKH,1645821103,YYC,YVR,AC213,0,-2880,ACA213,ACA
C00B9E,42.9251,-84.1767,262,32000,340,545,F-KBTL1,E75S,C-FEKJ,1645821102,YYZ,ORD,AC7459,0,0,JZA7459,ACA
C02E91,40.9826,-74.1366,134,4375,227,6353,F-KDYL1,E75S,C-FRQM,1645821103,YYZ,EWR,AC7476,0,-960,JZA7476,ACA
C054BD,51.5437,-127.2509,323,24000,312,57,F-CYZT1,DH8D,C-GGCI,1645821100,YVR,YPR,AC271,0,0,JZA271,ACA
C00B7E,44.1001,-74.0369,173,28000,419,6527,F-CYOW3,E75S,C-FEJD,1645821102,YUL,LGA,AC7652,0,-64,JZA7652,ACA
C0556B,45.4867,-73.6081,126,5975,235,6242,F-CYUL2,CRJ2,C-GGJA,1645821102,YUL,YSJ,QK44,0,1856,JZA44,ACA
C0160B,42.3151,-82.8618,243,1725,139,6327,F-CYCK3,CRJ2,C-FIJA,1645821101,YYZ,YQG,AC8359,0,-704,JZA359,ACA
C05F09,50.0191,-113.5291,268,38000,450,7101,F-CYQL3,CRJ9,C-GJZS,1645821101,YQR,YVR,AC8191,0,0,JZA191,ACA
C008D7,45.463,-73.7385,222,0,0,6524,F-CYUL4,CRJ2,C-FDJA,1645821084,YUL,YBG,AC7912,1,0,JZA7912,ACA
C06D48,45.2873,-82.2445,311,36000,387,2251,F-CYXU1,CRJ9,C-GPJZ,1645821100,YYZ,YQT,AC8935,0,-64,JZA935,ACA
C01B6C,45.5918,-75.742,242,38000,380,6272,F-CYXR1,CRJ9,C-FKJZ,1645821102,YQB,YYZ,AC8225,0,64,JZA225,ACA
C06FD3,45.4668,-73.7293,42,25,136,4555,F-CYUL4,CRJ2,C-GQJA,1645821102,YUL,YQB,AC7932,0,2368,JZA7932,ACA
C0653D,51.9398,-116.8411,234,38000,443,2156,F-CYYC3,B38M,C-GMIU,1645821100,YEG,YVR,AC239,0,0,ACA239,ACA
C02FE7,49.1059,-121.733,82,27300,404,7011,F-CZBB1,B38M,C-FSDQ,1645821101,YVR,YYC,AC7050,0,2432,ACA7050,ACA
C08797,43.6702,-79.6228,157,0,9,0,F-CYYZ2,CRJ2,C-GZJA,1645821102,YYZ,CMH,AC8753,1,0,JZA753,ACA
C0064C,43.6863,-79.4644,173,6200,277,2257,F-CYYZ2,CRJ9,C-FCJZ,1645821101,YYZ,DCA,AC8784,0,2752,JZA784,ACA
C02E9B,41.9704,-87.8966,101,0,6,7215,F-KORD1,E75S,C-FRQW,1645821102,ORD,YYZ,AC7458,1,0,JZA7458,ACA
C05488,48.8801,-123.1586,67,2500,238,5343,F-CYXX2,DH8D,C-GGAH,1645821102,YYJ,YVR,AC8156,0,0,JZA156,ACA
3C64FA,33.6365,-84.4218,112,0,11,2407,F-KATL3,A343,D-AIGZ,1645821103,FRA,ATL,LH444,1,0,DLH444,DLH
3C6570,47.759,-122.2309,266,4950,234,1724,F-KRNT2,A333,D-AIKP,1645821103,FRA,SEA,LH490,0,-896,DLH490,DLH
3C6709,26.4131,-71.3803,268,40004,468,0,F-SAT6,A359,D-AIXI,1645821104,MUC,MIA,LH460,0,0,DLH460,DLH
3C4B26,15.5151,75.825,138,37000,516,3633,F-VOHB2,B748,D-ABYF,1645821101,FRA,BLR,LH754,0,0,DLH754,DLH
3C4B24,-6.1751,23.7884,349,32025,505,7346,F-EST,B748,D-ABYD,1645821100,JNB,FRA,LH573,0,0,DLH573,DLH
3C64A2,36.9834,27.3322,136,32975,517,4153,F-LTFE4,A21N,D-AIEB,1645821102,FRA,TLV,LH690,0,0,DLH690,DLH
3C66E3,47.316,8.2248,226,37000,456,6660,F-LSZB1,A320,D-AIWC,1645821103,MUC,BCN,LH1808,0,-64,DLH48P,DLH
3C64A9,57.894,21.9614,38,35025,461,6447,F-ESSA8,A21N,D-AIEI,1645821103,MUC,HEL,LH2464,0,0,DLH9PJ,DLH
3C674D,42.9683,-1.3373,281,22975,397,3762,F-LFBZ1,A320,D-AIZM,1645821102,MUC,BIO,LH1830,0,-2304,DLH97X,DLH
3C64A7,49.9354,8.6141,118,4175,272,1000,F-EDDF1,A21N,D-AIEG,1645821102,FRA,MUC,LH122,0,4352,DLH2YV,DLH
3C66B6,44.6836,19.3146,122,34975,480,4373,F-LHBP8,A320,D-AIUV,1645821103,MUC,SOF,LH1706,0,0,DLH4AH,DLH
3C4DCE,46.2679,14.1828,131,11175,294,1000,F-LJLJ1,CRJ9,D-ACNN,1645821101,FRA,LJU,LH1460,0,-1088,DLH4TW,DLH
3C65CB,48.0254,14.3312,112,37000,496,1000,F-LKPR8,A20N,D-AINK,1645821103,FRA,OTP,LH1422,0,0,DLH3RC,DLH
3C6565,9.2153,7.4106,34,6975,277,302,F-DNAA1,A333,D-AIKE,1645821100,PHC,ABV,LH595,0,-128,DLH595,DLH
3C66A6,45.8502,8.6655,141,14700,381,1000,F-LIME1,A320,D-AIUF,1645821102,FRA,MXP,LH258,0,-1536,DLH1MR,DLH
3C5468,48.1091,11.6404,128,37000,489,7656,F-LKMR1,E190,D-AECH,1645821101,FRA,TIA,LH1454,0,-64,DLH1454,DLH
3C6585,51.5734,12.1291,61,37000,435,7643,F-EDDT2,A319,D-AILE,1645821102,FRA,VNO,LH888,0,0,DLH888,DLH
3C6569,25.9043,48.1123,255,26000,364,4441,F-OERK5,A333,D-AIKI,1645821102,BAH,RUH,LH637,0,0,DLH637,DLH
3C6747,48.9051,11.5236,350,21200,382,6452,F-EDMO3,A320,D-AIZG,1645821101,MUC,GOT,LH2432,0,2112,DLH3KY,DLH
3C66EA,51.8264,6.6489,316,24850,313,1000,F-EDWG1,A320,D-AIWJ,1645821101,FRA,AMS,LH1002,0,-1408,DLH4HJ,DLH
3C6445,49.4879,8.1068,274,37950,431,1000,F-EDJA2,A319,D-AIBE,1645821101,MUC,CDG,LH2238,0,0,DLH69F,DLH
3C65D9,49.585,5.8535,260,35000,411,135,F-ETIE1,A20N,D-AINY,1645821103,FRA,BIO,LH1146,0,0,DLH64M,DLH
3C6486,49.1484,10.9285,322,28600,398,1000,F-EDDE1,A321,D-AIDF,1645821102,MUC,DUS,LH2036,0,1152,DLH3LA,DLH
3C6593,47.8032,11.9459,180,21525,393,1000,F-EDJA2,A319,D-AILS,1645821102,MUC,MRS,LH2266,0,4096,DLH64U,DLH
3C6746,47.4981,8.4611,246,28000,482,1000,F-LSZB1,A320,D-AIZF,1645821103,MUC,LYS,LH2252,0,64,DLH07E,DLH
3C66A3,48.1278,7.9496,194,33200,506,1000,F-LFQM1,A320,D-AIUC,1645821102,FRA,TLS,LH1100,0,960,DLH04A,DLH
3C4DCF,49.6849,12.9824,36,28225,407,1000,F-EDDM2,CRJ9,D-ACNO,1645821103,MUC,PRG,LH1694,0,-2496,DLH8EM,DLH
3C4DCB,47.7885,7.4461,179,9750,246,1000,F-LFSQ1,CRJ9,D-ACNK,1645821102,FRA,BSL,LH1208,0,-960,DLH2NC,DLH
3C65CA,48.3996,8.4679,181,29200,509,1000,F-EDJA2,A20N,D-AINJ,1645821101,FRA,FCO,LH242,0,2496,DLH2XK,DLH
3C4DC9,49.3991,11.117,339,29475,376,1000,F-LKMR1,CRJ9,D-ACNI,1645821101,MUC,AMS,LH2310,0,832,DLH9KW,DLH
3C6582,47.8316,12.7013,111,27550,437,6404,F-LOWI3,A319,D-AILB,1645821102,MUC,TSR,LH1660,0,2048,DLH4UX,DLH
3C66E7,47.2289,11.8479,178,27100,439,1000,F-EDJA1,A320,D-AIWG,1645821101,MUC,FCO,LH1872,0,1216,DLH5PL,DLH
3C6482,50.1177,8.5673,46,15175,349,1000,F-EDDF1,A321,D-AIDB,1645821101,FRA,BER,LH202,0,2496,DLH7HE,DLH
3C4DD0,48.7269,11.8645,30,16350,338,1000,F-LKMR2,CRJ9,D-ACNP,1645821100,MUC,GDN,LH1646,0,2112,DLH3VJ,DLH
3C65C4,49.8452,8.5188,200,8450,290,1000,F-LFST3,A20N,D-AIND,1645821101,FRA,CDG,LH1050,0,4288,DLH58H,DLH
3C6657,49.8765,8.8225,87,9175,280,1000,F-EDDF1,A321,D-AIRW,1645821102,FRA,PRG,LH1402,0,2880,DLH7LX,DLH
3C6483,49.979,8.4751,186,2675,249,1000,F-ETIE1,A321,D-AIDC,1645821103,FRA,WAW,LH1352,0,1024,DLH9PX,DLH
3C658D,50.0429,8.5619,250,0,14,1000,F-EDDF1,A319,D-AILM,1645821103,FRA,VIE,LH1246,1,0,DLH39U,DLH
3C6448,50.0336,8.5259,180,0,0,1276,F-EDDF1,A319,D-AIBH,1645821103,FRA,NUE,LH150,1,0,DLH8JL,DLH
3C6590,48.3351,11.6668,263,5125,216,1000,F-LOWS5,A319,D-AILP,1645821102,MUC,TLS,LH2222,0,2816,DLH11C,DLH
3C658E,50.0046,8.5266,178,725,156,5013,T-EDDF458,A319,D-AILN,1645821103,FRA,DRS,LH216,0,2496,DLH6RE,DLH
3C4D68,48.5038,10.7608,287,18000,342,6471,F-EDJA2,CRJ9,D-ACKH,1645821103,MUC,STR,LH2152,0,128,DLH1MN,DLH
3C66A5,49.3726,8.2765,214,18925,400,4105,F-EDDF1,A320,D-AIUE,1645821101,FRA,BCN,LH1138,0,1088,DLH55A,DLH
3C66AB,50.049,8.5798,11,0,0,1000,F-EDDF1,A320,D-AIUK,1645821101,FRA,STR,LH136,1,0,DLH3MR,DLH
3C65C2,50.0453,8.5688,196,0,0,1000,F-EDDF1,A20N,D-AINB,1645821100,FRA,NCE,LH1068,1,0,DLH45N,DLH
3C66B1,48.3634,11.8249,84,0,0,6454,F-EDDM1,A320,D-AIUQ,1645821099,MUC,CPH,LH2446,1,0,DLH5EC,DLH
3C65CF,50.0414,8.555,250,0,18,1000,F-EDDF1,A20N,D-AINO,1645821103,FRA,BUD,LH1342,1,0,DLH6HT,DLH
3C65D2,48.3647,11.8103,292,0,20,1000,F-EDDM1,A20N,D-AINR,1645821101,MUC,BRU,LH2294,1,0,DLH3NE,DLH
3C66A9,50.0459,8.5647,202,0,2,1000,F-EDDF1,A320,D-AIUI,1645821102,FRA,HAJ,LH58,1,0,DLH1KA,DLH
3C5464,50.0389,8.5488,160,0,0,4125,T-EDDF457,E190,D-AECD,1645821099,FRA,LUX,LH398,1,0,DLH9LA,DLH
3986EC,50.5773,3.1865,257,1025,161,1000,F-EBKT2,E170,F-HBXM,1645820912,TLS,LIL,AF1418,0,-960,AFR69TR,AFR
C067AE,43.6773,-79.6082,315,0,9,3505,F-CYYZ2,BCS3,C-GNGV,1645820926,SEA,YYZ,AC540,1,0,ACA540,ACA
